Project:,PALACIOS CARIBBEAN,,,,,,,,,,,,,,,,,,,,,,,,,
Material Details Date:,1/28/2022,,,,,,,,,,,,,,,,,,,,,,,,,
,,,,,,,,,,,,,,,,,,,,,,,,,,
Components,,,,,,,,,,,,,,,,,,,,,,,,,,
Name,Quantity,Plies,Board Feet/Truss,Board Feet Total,Linear Feet/Truss,Linear Feet Total,Lumber Pieces/Truss,Lumber Pieces Total,Lumber Cost/Truss,Lumber Cost Total,Plate Count/Truss,Plate Count Total,Plates Cost/Truss,Plates Cost Total,Connector Count/Truss,Connector Count Total,Connector Cost/Truss,Connector Cost Total,Material Cost/Truss,Material Cost Total,Labor Cost/Board Foot,Labor Cost/Linear Foot,Labor Cost/Truss,Labor Cost Total,Total Cost/Truss,Total Cost
CJ_1A,4,1,6.4,25.8,4.411,17.646,4,16,$3.05 ,$12.19 ,6,24,$3.52 ,$14.08 ,0,0,0,0,$6.57 ,$26.27 ,,,,,$6.57 ,$26.27 
CJ_1B,4,1,2.5,10.2,2.411,9.646,2,8,$1.19 ,$4.77 ,2,8,$1.38 ,$5.52 ,0,0,0,0,$2.57 ,$10.29 ,,,,,$2.57 ,$10.29 
CJ_2A,2,1,8.9,17.8,6.974,13.948,2,4,$4.04 ,$8.07 ,2,4,$1.38 ,$2.76 ,0,0,0,0,$5.42 ,$10.83 ,,,,,$5.42 ,$10.83 
CJ_2B,2,1,6.1,12.2,4.974,9.948,2,4,$3.02 ,$6.04 ,2,4,$1.38 ,$2.76 ,0,0,0,0,$4.40 ,$8.80 ,,,,,$4.40 ,$8.80 
CJ_2C,2,1,3.3,6.6,2.974,5.948,2,4,$1.55 ,$3.09 ,2,4,$1.24 ,$2.48 ,0,0,0,0,$2.79 ,$5.58 ,,,,,$2.79 ,$5.58 
CJ_4A,2,1,5.9,11.7,4.807,9.615,2,4,$2.91 ,$5.81 ,2,4,$1.38 ,$2.76 ,0,0,0,0,$4.29 ,$8.57 ,,,,,$4.29 ,$8.57 
CJ_4B,2,1,3.1,6.2,2.807,5.615,2,4,$1.44 ,$2.88 ,2,4,$1.66 ,$3.31 ,0,0,0,0,$3.10 ,$6.20 ,,,,,$3.10 ,$6.20 
EJ_1,3,1,9.3,27.8,6.438,19.312,4,12,$5.03 ,$15.10 ,6,18,$4.55 ,$13.66 ,0,0,0,0,$9.59 ,$28.77 ,,,,,$9.59 ,$28.77 
EJ_2,9,1,12.8,115.3,9,81,3,27,$5.53 ,$49.74 ,6,54,$4.42 ,$39.75 ,0,0,0,0,$9.94 ,$89.49 ,,,,,$9.94 ,$89.49 
EJ_4,3,1,8.7,26,6.833,20.5,2,6,$4.80 ,$14.40 ,2,6,$1.38 ,$4.14 ,0,0,0,0,$6.18 ,$18.54 ,,,,,$6.18 ,$18.54 
EJ_4A,1,1,7.7,7.7,5.5,5.5,2,2,$3.54 ,$3.54 ,2,2,$1.66 ,$1.66 ,0,0,0,0,$5.19 ,$5.19 ,,,,,$5.19 ,$5.19 
FT_1A,1,1,31.9,31.9,15.667,15.667,15,15,$15.37 ,$15.37 ,22,22,$17.74 ,$17.74 ,0,0,0,0,$33.11 ,$33.11 ,,,,,$33.11 ,$33.11 
FT_1B,1,1,33.5,33.5,15.667,15.667,14,14,$16.53 ,$16.53 ,20,20,$16.77 ,$16.77 ,0,0,0,0,$33.30 ,$33.30 ,,,,,$33.30 ,$33.30 
FT_1C,1,1,36.9,36.9,15.667,15.667,14,14,$17.00 ,$17.00 ,22,22,$15.39 ,$15.39 ,0,0,0,0,$32.39 ,$32.39 ,,,,,$32.39 ,$32.39 
FT_1D,1,1,39.8,39.8,15.667,15.667,14,14,$18.73 ,$18.73 ,22,22,$14.84 ,$14.84 ,0,0,0,0,$33.57 ,$33.57 ,,,,,$33.57 ,$33.57 
FT_1E,1,1,36.8,36.8,15.667,15.667,12,12,$17.72 ,$17.72 ,20,20,$14.84 ,$14.84 ,0,0,0,0,$32.55 ,$32.55 ,,,,,$32.55 ,$32.55 
FT_2A,1,1,63,63,27.333,27.333,12,12,$27.57 ,$27.57 ,22,22,$11.11 ,$11.11 ,0,0,0,0,$38.68 ,$38.68 ,,,,,$38.68 ,$38.68 
FT_3A,1,1,106.7,106.7,42.333,42.333,20,20,$49.59 ,$49.59 ,34,34,$41.34 ,$41.34 ,0,0,0,0,$90.92 ,$90.92 ,,,,,$90.92 ,$90.92 
FT_3B,1,1,109.8,109.8,42.333,42.333,21,21,$51.31 ,$51.31 ,36,36,$48.13 ,$48.13 ,0,0,0,0,$99.45 ,$99.45 ,,,,,$99.45 ,$99.45 
FT_3C,1,1,113.9,113.9,42.333,42.333,30,30,$54.61 ,$54.61 ,58,58,$55.61 ,$55.61 ,0,0,0,0,$110.22 ,$110.22 ,,,,,$110.22 ,$110.22 
FT_3D,1,1,117,117,42.333,42.333,31,31,$55.99 ,$55.99 ,60,60,$57.21 ,$57.21 ,0,0,0,0,$113.20 ,$113.20 ,,,,,$113.20 ,$113.20 
FT_5A,1,1,47.3,47.3,20.958,20.958,9,9,$20.81 ,$20.81 ,16,16,$8.56 ,$8.56 ,0,0,0,0,$29.36 ,$29.36 ,,,,,$29.36 ,$29.36 
FT_5B,1,1,57.3,57.3,20.958,20.958,15,15,$24.98 ,$24.98 ,24,24,$24.88 ,$24.88 ,0,0,0,0,$49.86 ,$49.86 ,,,,,$49.86 ,$49.86 
FT_5C,1,1,57.3,57.3,20.958,20.958,14,14,$24.49 ,$24.49 ,22,22,$27.75 ,$27.75 ,0,0,0,0,$52.23 ,$52.23 ,,,,,$52.23 ,$52.23 
FT_5D,1,1,58.4,58.4,20.958,20.958,14,14,$25.34 ,$25.34 ,24,24,$26.74 ,$26.74 ,0,0,0,0,$52.09 ,$52.09 ,,,,,$52.09 ,$52.09 
FT_5E,1,1,59.4,59.4,20.958,20.958,13,13,$25.88 ,$25.88 ,22,22,$25.89 ,$25.89 ,0,0,0,0,$51.77 ,$51.77 ,,,,,$51.77 ,$51.77 
FT_6A,1,1,17.5,17.5,7.083,7.083,7,7,$8.15 ,$8.15 ,10,10,$6.00 ,$6.00 ,0,0,0,0,$14.16 ,$14.16 ,,,,,$14.16 ,$14.16 
FT_6B,1,1,18.7,18.7,7.083,7.083,7,7,$8.61 ,$8.61 ,10,10,$5.31 ,$5.31 ,0,0,0,0,$13.92 ,$13.92 ,,,,,$13.92 ,$13.92 
FT_6C,1,1,19.4,19.4,7.083,7.083,7,7,$8.87 ,$8.87 ,10,10,$5.73 ,$5.73 ,0,0,0,0,$14.60 ,$14.60 ,,,,,$14.60 ,$14.60 
GT_5,1,1,48.6,48.6,22.667,22.667,17,17,$20.73 ,$20.73 ,56,56,$20.70 ,$20.70 ,0,0,0,0,$41.44 ,$41.44 ,,,,,$41.44 ,$41.44 
GT_6,1,1,21.4,21.4,13.167,13.167,10,10,$10.82 ,$10.82 ,28,28,$9.52 ,$9.52 ,0,0,0,0,$20.34 ,$20.34 ,,,,,$20.34 ,$20.34 
HG_1,1,2,61.3,61.3,31.333,31.333,22,22,$27.87 ,$27.87 ,40,40,$27.21 ,$27.21 ,0,0,0,0,$55.08 ,$55.08 ,,,,,$55.08 ,$55.08 
HG_2,1,1,71.8,71.8,27.333,27.333,11,11,$27.65 ,$27.65 ,20,20,$18.96 ,$18.96 ,0,0,0,0,$46.61 ,$46.61 ,,,,,$46.61 ,$46.61 
HG_4,1,1,27.6,27.6,14.125,14.125,8,8,$13.66 ,$13.66 ,14,14,$6.76 ,$6.76 ,0,0,0,0,$20.43 ,$20.43 ,,,,,$20.43 ,$20.43 
KJ_1,2,1,14.8,29.6,8.979,17.958,5,10,$6.17 ,$12.33 ,10,20,$7.73 ,$15.46 ,0,0,0,0,$13.90 ,$27.79 ,,,,,$13.90 ,$27.79 
KJ_2,1,1,25.6,25.6,12.665,12.665,5,5,$11.42 ,$11.42 ,10,10,$5.80 ,$5.80 ,0,0,0,0,$17.22 ,$17.22 ,,,,,$17.22 ,$17.22 
KJ_4,1,1,17.7,17.7,9.25,9.25,5,5,$7.61 ,$7.61 ,10,10,$4.69 ,$4.69 ,0,0,0,0,$12.30 ,$12.30 ,,,,,$12.30 ,$12.30 
T_3,8,1,115.2,921.7,42.333,338.667,28,224,$55.62 ,$444.94 ,56,448,$56.54 ,$452.31 ,0,0,0,0,$112.16 ,$897.25 ,,,,,$112.16 ,$897.25 
T_3A,2,1,111.9,223.8,42.333,84.667,24,48,$50.61 ,$101.22 ,44,88,$47.93 ,$95.86 ,0,0,0,0,$98.54 ,$197.08 ,,,,,$98.54 ,$197.08 
T_3B,8,1,104.4,835.2,42.333,338.667,19,152,$51.53 ,$412.26 ,34,272,$33.83 ,$270.62 ,0,0,0,0,$85.36 ,$682.88 ,,,,,$85.36 ,$682.88 
T_3C,1,1,116.4,116.4,42.333,42.333,27,27,$52.22 ,$52.22 ,46,46,$34.97 ,$34.97 ,0,0,0,0,$87.19 ,$87.19 ,,,,,$87.19 ,$87.19 
T_4,3,1,28.1,84.2,14.125,42.375,5,15,$13.64 ,$40.91 ,10,30,$4.55 ,$13.66 ,0,0,0,0,$18.19 ,$54.57 ,,,,,$18.19 ,$54.57 
T_4A,1,1,26.4,26.4,14.125,14.125,6,6,$12.53 ,$12.53 ,10,10,$6.28 ,$6.28 ,0,0,0,0,$18.81 ,$18.81 ,,,,,$18.81 ,$18.81 
T_4B,1,1,29.1,29.1,14.125,14.125,7,7,$13.24 ,$13.24 ,12,12,$5.87 ,$5.87 ,0,0,0,0,$19.11 ,$19.11 ,,,,,$19.11 ,$19.11 
T_4C,1,1,27.7,27.7,14.125,14.125,6,6,$12.72 ,$12.72 ,12,12,$5.59 ,$5.59 ,0,0,0,0,$18.31 ,$18.31 ,,,,,$18.31 ,$18.31 
T_5,1,1,41.7,41.7,22.667,22.667,9,9,$18.23 ,$18.23 ,16,16,$10.63 ,$10.63 ,0,0,0,0,$28.86 ,$28.86 ,,,,,$28.86 ,$28.86 
T_5A,1,1,43.3,43.3,20.958,20.958,12,12,$19.16 ,$19.16 ,20,20,$10.49 ,$10.49 ,0,0,0,0,$29.65 ,$29.65 ,,,,,$29.65 ,$29.65 
T_5B,1,1,42.6,42.6,20.958,20.958,10,10,$19.20 ,$19.20 ,16,16,$10.63 ,$10.63 ,0,0,0,0,$29.83 ,$29.83 ,,,,,$29.83 ,$29.83 
T_5C,1,1,43.4,43.4,20.958,20.958,10,10,$19.85 ,$19.85 ,16,16,$10.42 ,$10.42 ,0,0,0,0,$30.27 ,$30.27 ,,,,,$30.27 ,$30.27 
T_5D,1,1,44.6,44.6,20.958,20.958,10,10,$20.17 ,$20.17 ,16,16,$11.04 ,$11.04 ,0,0,0,0,$31.21 ,$31.21 ,,,,,$31.21 ,$31.21 
T_5E,1,1,45.2,45.2,20.958,20.958,9,9,$19.97 ,$19.97 ,16,16,$8.56 ,$8.56 ,0,0,0,0,$28.53 ,$28.53 ,,,,,$28.53 ,$28.53 
T_6,4,1,18.7,74.8,13.167,52.667,6,24,$9.89 ,$39.55 ,16,64,$6.14 ,$24.57 ,0,0,0,0,$16.03 ,$64.12 ,,,,,$16.03 ,$64.12 
T_6A,2,1,12,24.1,7.083,14.167,6,12,$6.13 ,$12.25 ,12,24,$6.00 ,$12.01 ,0,0,0,0,$12.13 ,$24.26 ,,,,,$12.13 ,$24.26 
T_6B,1,1,15.5,15.5,7.083,7.083,8,8,$7.38 ,$7.38 ,20,20,$8.42 ,$8.42 ,0,0,0,0,$15.80 ,$15.80 ,,,,,$15.80 ,$15.80 
,,,,,,,,,,,,,,,,,,,,,,,,,,
Total Setups,Total Quantity,Total Plies,Average Board Feet,Board Feet Sum,Average Linear Feet,Linear Feet Sum,Average Lumber Pieces,Lumber Pieces Sum,Average Lumber Cost/Truss,Lumber Cost Sum,Average Plate Count,Plates Sum,Average Plates Cost,Plate Cost Sum,Average Connectors,Connector Sum,Average Connector Cost,Connector Cost Sum,Average Material Cost,Material Cost Total,Average Labor Cost/BF,Average Labor Cost/LF,Average Labor Cost,Labor Cost Total,Average Cost,Total Cost Sum
54,99,55,41.74,4235.06,18.12,1838.68,10.76,1037,$19.18 ,"$1,995.09 ",19.41,1910,$15.32 ,"$1,617.76 ",0,0,,,$34.49 ,"$3,612.85 ",,,,,$34.49 ,"$3,612.85 "
,,,,,,,,,,,,,,,,,,,,,,,,,,
,,,,,,,,,,,,,,,,,,,,,,,,,,
Plates,,,,,,,,,,,,,,,,,,,,,,,,,,
Name,Quantity,PlateType,Plate Weight (lbs),Width (in),Plate Length (lbs),Plate Area (Sq. Ins),Price per Plate,Price for Quantity,Weight for Quantity,Area for Quantity,Components Used In,,,,,,,,,,,,,,,
AS18HS 10x14,32,AS18HS,2.096,10,14,140,$2.31 ,$73.77 ,67.066,4480,FT-3A | FT-3C | FT-3D | T-3 | T-3A,,,,,,,,,,,,,,,
AS18HS 10x18,18,AS18HS,2.695,10,18,180,$2.96 ,$53.35 ,48.503,3240,FT-3D | T-3,,,,,,,,,,,,,,,
AS18HS 3x8,70,AS18HS,0.359,3,8,24,$0.40 ,$27.66 ,25.15,1680,FT-3D | T-3 | T-3A | T-3B | FT-5E | FT-5D | FT-5C | FT-5B,,,,,,,,,,,,,,,
AS18HS 4x14,2,AS18HS,0.838,4,14,56,$0.92 ,$1.84 ,1.677,112,FT-3D,,,,,,,,,,,,,,,
AS18HS 5x12,24,AS18HS,0.898,5,12,60,$0.99 ,$23.71 ,21.557,1440,FT-3D | T-3 | FT-5E | FT-5D | FT-5C,,,,,,,,,,,,,,,
AS18HS 6x10,16,AS18HS,0.898,6,10,60,$0.99 ,$15.81 ,14.371,960,T-3B,,,,,,,,,,,,,,,
AS18HS 6x14,4,AS18HS,1.257,6,14,84,$1.38 ,$5.53 ,5.03,336,FT-3C | FT-5B,,,,,,,,,,,,,,,
AS18HS 7x12,26,AS18HS,1.257,7,12,84,$1.38 ,$35.96 ,32.694,2184,HG-1 | FT-3C | T-3B,,,,,,,,,,,,,,,
AS18HS 7x8,14,AS18HS,0.838,7,8,56,$0.92 ,$12.91 ,11.736,784,HG-2 | FT-3A | FT-3B | T-3C,,,,,,,,,,,,,,,
AS20 10x10,16,AS20,1.15,10,10,100,$3.45 ,$55.21 ,18.403,1600,T-3B,,,,,,,,,,,,,,,
AS20 12x12,6,AS20,1.656,12,12,144,$4.97 ,$29.81 ,9.938,864,FT-3A | FT-3B,,,,,,,,,,,,,,,
AS20 2x4,520,AS20,0.092,2,4,8,$0.28 ,$143.54 ,47.848,4160,CJ-1A | HG-1 | HG-2 | FT-2A | FT-3A | FT-3B | FT-3C | FT-3D | T-3 | T-3A | T-3B | T-3C | T-4 | T-4C | T-4B | T-4A | KJ-4 | HG-4 | FT-5E | FT-5D | FT-5C | FT-5B | FT-5A | T-5E | T-5D | T-5C | T-5B | T-5A | T-5 | GT-5 | GT-6 | T-6 | T-6A | T-6B | FT-6A | FT-6B | FT-6C | FT-1A | FT-1B | FT-1C | FT-1D | FT-1E,,,,,,,,,,,,,,,
AS20 2x6,52,AS20,0.138,2,6,12,$0.41 ,$21.53 ,7.177,624,KJ-1 | FT-3A | T-3B | T-4 | FT-5E | FT-5B | T-6A | T-6B | FT-6B | FT-1B,,,,,,,,,,,,,,,
AS20 3x10,2,AS20,0.345,3,10,30,$1.04 ,$2.07 ,0.69,60,T-4A,,,,,,,,,,,,,,,
AS20 3x4,264,AS20,0.138,3,4,12,$0.41 ,$109.32 ,36.438,3168,EJ-1 | KJ-1 | HG-1 | EJ-2 | KJ-2 | HG-2 | FT-2A | FT-3A | FT-3B | FT-3C | FT-3D | T-3 | T-3A | T-3B | T-3C | T-4 | T-4C | T-4B | KJ-4 | HG-4 | FT-5A | T-5E | T-5D | T-5C | T-5B | T-5A | T-5 | GT-5 | GT-6 | T-6 | FT-1A | FT-1B | FT-1C | FT-1D | FT-1E,,,,,,,,,,,,,,,
AS20 3x5,52,AS20,0.173,3,5,15,$0.52 ,$26.91 ,8.972,780,HG-1 | KJ-2 | FT-2A | FT-3A | T-4C | T-4A | FT-5D | FT-5C | T-5C | GT-6 | T-6A | T-6B | FT-6C | FT-1A | FT-1B | FT-1C | FT-1D | FT-1E,,,,,,,,,,,,,,,
AS20 3x6,108,AS20,0.207,3,6,18,$0.62 ,$67.08 ,22.36,1944,CJ-2C | HG-2 | FT-2A | FT-3C | FT-3D | T-3A | T-3C | T-4 | T-4C | T-4B | T-4A | HG-4 | FT-5E | FT-5D | FT-5C | FT-5B | FT-5A | T-5E | T-5D | T-5C | T-5B | T-5A | T-5 | T-6B | FT-6A | FT-6B | FT-6C | FT-1A | FT-1B | FT-1C | FT-1D | FT-1E,,,,,,,,,,,,,,,
AS20 3x7,28,AS20,0.242,3,7,21,$0.72 ,$20.29 ,6.763,588,HG-1 | KJ-2 | FT-2A | FT-3B | T-4B | T-5E | T-5D | T-5B | FT-6B | FT-1A,,,,,,,,,,,,,,,
AS20 3x8,50,AS20,0.276,3,8,24,$0.83 ,$41.41 ,13.802,1200,HG-1 | KJ-2 | FT-3C | FT-3D | T-3 | T-3C | FT-5A | T-5E | T-5D | T-5C | T-5B | T-5A | T-5 | FT-6C | FT-1B,,,,,,,,,,,,,,,
AS20 3x9,10,AS20,0.311,3,9,27,$0.93 ,$9.32 ,3.106,270,CJ-1A | HG-2,,,,,,,,,,,,,,,
AS20 4x10,106,AS20,0.46,4,10,40,$1.38 ,$146.31 ,48.768,4240,FT-3A | FT-3B | FT-3C | FT-3D | T-3 | T-3A | T-3B,,,,,,,,,,,,,,,
AS20 4x12,20,AS20,0.552,4,12,48,$1.66 ,$33.13 ,11.042,960,FT-3C | FT-3D | T-3B,,,,,,,,,,,,,,,
AS20 4x4,24,AS20,0.184,4,4,16,$0.55 ,$13.25 ,4.417,384,CJ-1A | KJ-1 | T-3C | T-4 | T-4C | T-5A,,,,,,,,,,,,,,,
AS20 4x5,46,AS20,0.23,4,5,20,$0.69 ,$31.75 ,10.582,920,CJ-1B | CJ-2A | CJ-2B | FT-3C | T-3A | T-4A | EJ-4 | CJ-4A | FT-5E | FT-5D | FT-5C | FT-5B | FT-1B,,,,,,,,,,,,,,,
AS20 4x6,50,AS20,0.276,4,6,24,$0.83 ,$41.41 ,13.802,1200,EJ-2 | FT-3C | T-3B | EJ-4A | CJ-4B | T-5D | T-5A | FT-1A,,,,,,,,,,,,,,,
AS20 4x7,56,AS20,0.322,4,7,28,$0.97 ,$54.11 ,18.035,1568,EJ-2 | FT-3B | FT-3C | FT-3D | T-3 | T-3A | T-3C | KJ-4 | HG-4 | T-5C | T-5B,,,,,,,,,,,,,,,
AS20 4x8,10,AS20,0.368,4,8,32,$1.10 ,$11.04 ,3.681,320,FT-3A | T-3A,,,,,,,,,,,,,,,
AS20 5x10,2,AS20,0.575,5,10,50,$1.73 ,$3.45 ,1.15,100,HG-2,,,,,,,,,,,,,,,
AS20 5x12,20,AS20,0.69,5,12,60,$2.07 ,$41.41 ,13.802,1200,KJ-1 | T-3B,,,,,,,,,,,,,,,
AS20 5x14,42,AS20,0.805,5,14,70,$2.42 ,$101.45 ,33.816,2940,FT-3B | FT-3C | FT-3D | T-3 | T-3A,,,,,,,,,,,,,,,
AS20 5x16,8,AS20,0.92,5,16,80,$2.76 ,$22.08 ,7.361,640,FT-5E | FT-5D | FT-5C | FT-5B,,,,,,,,,,,,,,,
AS20 5x5,26,AS20,0.288,5,5,25,$0.86 ,$22.43 ,7.476,650,HG-2 | FT-5E | FT-5D | FT-5C | FT-5B | T-6 | T-6A | T-6B | FT-6A,,,,,,,,,,,,,,,
AS20 5x6,26,AS20,0.345,5,6,30,$1.04 ,$26.91 ,8.972,780,HG-2 | FT-3C | FT-3D | T-3B | FT-1D,,,,,,,,,,,,,,,
AS20 5x7,34,AS20,0.403,5,7,35,$1.21 ,$41.06 ,13.687,1190,T-3 | T-3A | T-3C | T-5D | T-5B | FT-1C,,,,,,,,,,,,,,,
AS20 5x8,18,AS20,0.46,5,8,40,$1.38 ,$24.84 ,8.281,720,FT-3D | T-3,,,,,,,,,,,,,,,
AS20 5x9,4,AS20,0.518,5,9,45,$1.55 ,$6.21 ,2.07,180,FT-3A | FT-3B,,,,,,,,,,,,,,,
AS20 6x10,6,AS20,0.69,6,10,60,$2.07 ,$12.42 ,4.141,360,HG-2 | FT-5B,,,,,,,,,,,,,,,
AS20 6x12,2,AS20,0.828,6,12,72,$2.48 ,$4.97 ,1.656,144,FT-3A,,,,,,,,,,,,,,,
AS20 6x14,4,AS20,0.966,6,14,84,$2.90 ,$11.59 ,3.865,336,T-3A,,,,,,,,,,,,,,,
AS20 6x6,6,AS20,0.414,6,6,36,$1.24 ,$7.45 ,2.484,216,FT-3C | FT-5C | GT-5,,,,,,,,,,,,,,,
AS20 6x7,10,AS20,0.483,6,7,42,$1.45 ,$14.49 ,4.831,420,EJ-1 | FT-1B | FT-1E,,,,,,,,,,,,,,,
AS20 6x8,12,AS20,0.552,6,8,48,$1.66 ,$19.88 ,6.625,576,FT-3B | T-3A | T-5 | GT-5 | FT-1A,,,,,,,,,,,,,,,
AS20 7x8,24,AS20,0.644,7,8,56,$1.93 ,$46.38 ,15.459,1344,FT-3D | T-3 | FT-5E | FT-5D,,,,,,,,,,,,,,,
AS20 8x10,14,AS20,0.92,8,10,80,$2.76 ,$38.65 ,12.882,1120,T-3C | FT-1A | FT-1B | FT-1C | FT-1D | FT-1E,,,,,,,,,,,,,,,
AS20 8x12,6,AS20,1.104,8,12,96,$3.31 ,$19.88 ,6.625,576,FT-5E | FT-5D | FT-5C,,,,,,,,,,,,,,,
AS20 8x8,20,AS20,0.736,8,8,64,$2.21 ,$44.17 ,14.723,1280,FT-3C | T-3 | FT-5C,,,,,,,,,,,,,,,
Total,1910,2 types,,,,,,"$1,617.76 ",683.515764,54838,,,,,,,,,,,,,,,,
,,,,,,,,,,,,,,,,,,,,,,,,,,
Lumber,,,,,,,,,,,,,,,,,,,,,,,,,,
Name,Quantity,Actual Length (Feet),Stock Length (Feet),Drop Length (Feet),Actual Board Feet For Quantity,Stock Board Feet For Quantity,Drop Board Feet For Quantity,Linear Feet For Quantity,Species,Grade,Treatment Type,Nominal Thickness,Nominal Width,Price per Actual Piece,Price for Quantity (Actual),Price per Stock Piece,Price for Quantity (Stock),Price for 1000 BF,Components Used In,,,,,,,
Dense Select Structural Southern Pine 2x4 5.651,2,5.651,6,0.349,7.535,8,0.465,12,Southern Pine,Dense Select Structural,Untreated,2,4,$2.20 ,$4.41 ,$2.34 ,$4.68 ,$585.00 ,HG-1,,,,,,,
Dense Select Structural Southern Pine 2x4 7.095,2,7.095,8,0.905,9.461,10.667,1.206,16,Southern Pine,Dense Select Structural,Untreated,2,4,$2.34 ,$4.68 ,$2.64 ,$5.28 ,$495.00 ,HG-1,,,,,,,
Dense Select Structural Southern Pine 2x4 10.067,2,10.067,12,1.933,13.422,16,2.578,24,Southern Pine,Dense Select Structural,Untreated,2,4,$3.93 ,$7.85 ,$4.68 ,$9.36 ,$585.00 ,FT-1A | FT-1B,,,,,,,
Dense Select Structural Southern Pine 2x4 14,1,14,14,0,9.333,9.333,0,14,Southern Pine,Dense Select Structural,Untreated,2,4,$5.46 ,$5.46 ,$5.46 ,$5.46 ,$585.00 ,FT-3D,,,,,,,
Dense Select Structural Southern Pine 2x4 15.481,8,15.481,16,0.519,82.563,85.333,2.77,128,Southern Pine,Dense Select Structural,Untreated,2,4,$6.19 ,$49.54 ,$6.40 ,$51.20 ,$600.00 ,T-3,,,,,,,
Dense Select Structural Southern Pine 2x4 18.538,1,18.538,20,1.462,12.359,13.333,0.975,20,Southern Pine,Dense Select Structural,Untreated,2,4,$7.48 ,$7.48 ,$8.07 ,$8.07 ,$605.00 ,FT-3C,,,,,,,
Select Structural Southern Pine 2x4 3.896,1,3.896,4,0.104,2.597,2.667,0.069,4,Southern Pine,Select Structural,Untreated,2,4,$1.44 ,$1.44 ,$1.48 ,$1.48 ,$555.00 ,FT-3C,,,,,,,
Select Structural Southern Pine 2x4 7.667,9,7.667,8,0.333,46,48,2,72,Southern Pine,Select Structural,Untreated,2,4,$2.38 ,$21.39 ,$2.48 ,$22.32 ,$465.00 ,EJ-2,,,,,,,
Select Structural Southern Pine 2x4 10,32,10,10,0,213.333,213.333,0,320,Southern Pine,Select Structural,Untreated,2,4,$3.50 ,$112.00 ,$3.50 ,$112.00 ,$525.00 ,FT-3A | FT-3B | FT-3C | FT-3D | T-3 | T-3A | T-3B,,,,,,,
Select Structural Southern Pine 2x4 10.067,3,10.067,12,1.933,20.133,24,3.867,36,Southern Pine,Select Structural,Untreated,2,4,$3.72 ,$11.17 ,$4.44 ,$13.32 ,$555.00 ,FT-1C | FT-1D | FT-1E,,,,,,,
Select Structural Southern Pine 2x4 12.185,8,12.185,14,1.815,64.989,74.667,9.678,112,Southern Pine,Select Structural,Untreated,2,4,$4.51 ,$36.07 ,$5.18 ,$41.44 ,$555.00 ,T-3B,,,,,,,
Select Structural Southern Pine 2x4 13.354,8,13.354,14,0.646,71.222,74.667,3.444,112,Southern Pine,Select Structural,Untreated,2,4,$4.94 ,$39.53 ,$5.18 ,$41.44 ,$555.00 ,T-3B,,,,,,,
Select Structural Southern Pine 2x4 13.896,14,13.896,14,0.104,129.694,130.667,0.972,196,Southern Pine,Select Structural,Untreated,2,4,$5.14 ,$71.98 ,$5.18 ,$72.52 ,$555.00 ,FT-3A | FT-3B | FT-3C | FT-3D | T-3 | T-3A,,,,,,,
Select Structural Southern Pine 2x4 13.919,8,13.919,14,0.081,74.233,74.667,0.433,112,Southern Pine,Select Structural,Untreated,2,4,$5.15 ,$41.20 ,$5.18 ,$41.44 ,$555.00 ,T-3,,,,,,,
Select Structural Southern Pine 2x4 14.205,1,14.205,16,1.795,9.47,10.667,1.197,16,Southern Pine,Select Structural,Untreated,2,4,$5.40 ,$5.40 ,$6.08 ,$6.08 ,$570.00 ,FT-3A,,,,,,,
Select Structural Southern Pine 2x4 16.372,1,16.372,18,1.628,10.914,12,1.086,18,Southern Pine,Select Structural,Untreated,2,4,$6.33 ,$6.33 ,$6.96 ,$6.96 ,$580.00 ,FT-3B,,,,,,,
Select Structural Southern Pine 2x4 19.938,8,19.938,20,0.062,106.333,106.667,0.333,160,Southern Pine,Select Structural,Untreated,2,4,$7.64 ,$61.14 ,$7.67 ,$61.33 ,$575.00 ,T-3B,,,,,,,
Select Structural Southern Pine 2x6 15.771,1,15.771,16,0.229,15.771,16,0.229,16,Southern Pine,Select Structural,Untreated,2,6,$7.73 ,$7.73 ,$7.84 ,$7.84 ,$490.00 ,FT-3C,,,,,,,
# 1 Southern Pine 2x4 3.331,1,3.331,4,0.669,2.22,2.667,0.446,4,Southern Pine,Number 1,Untreated,2,4,$1.15 ,$1.15 ,$1.39 ,$1.39 ,$520.00 ,FT-3C,,,,,,,
# 1 Southern Pine 2x4 3.536,4,3.536,4,0.464,9.431,10.667,1.236,16,Southern Pine,Number 1,Untreated,2,4,$1.23 ,$4.90 ,$1.39 ,$5.55 ,$520.00 ,FT-5E | FT-5D | FT-5C | FT-5B,,,,,,,
# 1 Southern Pine 2x4 5.519,8,5.519,6,0.481,29.435,32,2.565,48,Southern Pine,Number 1,Untreated,2,4,$1.91 ,$15.31 ,$2.08 ,$16.64 ,$520.00 ,T-3,,,,,,,
# 1 Southern Pine 2x4 6.08,1,6.08,8,1.92,4.053,5.333,1.28,8,Southern Pine,Number 1,Untreated,2,4,$1.72 ,$1.72 ,$2.27 ,$2.27 ,$425.00 ,EJ-4A,,,,,,,
# 1 Southern Pine 2x4 6.253,1,6.253,8,1.747,4.169,5.333,1.165,8,Southern Pine,Number 1,Untreated,2,4,$1.77 ,$1.77 ,$2.27 ,$2.27 ,$425.00 ,FT-5B,,,,,,,
# 1 Southern Pine 2x4 6.375,8,6.375,8,1.625,34,42.667,8.667,64,Southern Pine,Number 1,Untreated,2,4,$1.81 ,$14.45 ,$2.27 ,$18.13 ,$425.00 ,T-3B,,,,,,,
# 1 Southern Pine 2x4 6.705,9,6.705,8,1.295,40.229,48,7.771,72,Southern Pine,Number 1,Untreated,2,4,$1.90 ,$17.10 ,$2.27 ,$20.40 ,$425.00 ,FT-3D | T-3,,,,,,,
# 1 Southern Pine 2x4 7.1,1,7.1,8,0.9,4.733,5.333,0.6,8,Southern Pine,Number 1,Untreated,2,4,$2.01 ,$2.01 ,$2.27 ,$2.27 ,$425.00 ,T-5B,,,,,,,
# 1 Southern Pine 2x4 7.183,1,7.183,8,0.817,4.789,5.333,0.544,8,Southern Pine,Number 1,Untreated,2,4,$2.04 ,$2.04 ,$2.27 ,$2.27 ,$425.00 ,T-5D,,,,,,,
# 1 Southern Pine 2x4 7.677,2,7.677,8,0.323,10.236,10.667,0.431,16,Southern Pine,Number 1,Untreated,2,4,$2.18 ,$4.35 ,$2.27 ,$4.53 ,$425.00 ,CJ-2A,,,,,,,
# 1 Southern Pine 2x4 8,2,8,8,0,10.667,10.667,0,16,Southern Pine,Number 1,Untreated,2,4,$2.27 ,$4.53 ,$2.27 ,$4.53 ,$425.00 ,T-3A,,,,,,,
# 1 Southern Pine 2x4 9.32,1,9.32,10,0.68,6.213,6.667,0.453,10,Southern Pine,Number 1,Untreated,2,4,$3.36 ,$3.36 ,$3.60 ,$3.60 ,$540.00 ,FT-1A,,,,,,,
# 1 Southern Pine 2x4 9.33,1,9.33,10,0.67,6.22,6.667,0.447,10,Southern Pine,Number 1,Untreated,2,4,$3.36 ,$3.36 ,$3.60 ,$3.60 ,$540.00 ,FT-1B,,,,,,,
# 1 Southern Pine 2x4 9.691,1,9.691,10,0.309,6.461,6.667,0.206,10,Southern Pine,Number 1,Untreated,2,4,$3.49 ,$3.49 ,$3.60 ,$3.60 ,$540.00 ,T-4A,,,,,,,
# 1 Southern Pine 2x4 10,10,10,10,0,66.667,66.667,0,100,Southern Pine,Number 1,Untreated,2,4,$3.60 ,$36.00 ,$3.60 ,$36.00 ,$540.00 ,FT-3C | FT-3D | T-3,,,,,,,
# 1 Southern Pine 2x4 10.27,1,10.27,12,1.73,6.847,8,1.153,12,Southern Pine,Number 1,Untreated,2,4,$3.56 ,$3.56 ,$4.16 ,$4.16 ,$520.00 ,FT-3C,,,,,,,
# 1 Southern Pine 2x4 12.437,1,12.437,14,1.563,8.291,9.333,1.042,14,Southern Pine,Number 1,Untreated,2,4,$4.64 ,$4.64 ,$5.23 ,$5.23 ,$560.00 ,FT-3D,,,,,,,
# 1 Southern Pine 2x4 12.8,1,12.8,14,1.2,8.533,9.333,0.8,14,Southern Pine,Number 1,Untreated,2,4,$4.78 ,$4.78 ,$5.23 ,$5.23 ,$560.00 ,FT-1D,,,,,,,
# 1 Southern Pine 2x4 13.906,1,13.906,14,0.094,9.271,9.333,0.063,14,Southern Pine,Number 1,Untreated,2,4,$5.19 ,$5.19 ,$5.23 ,$5.23 ,$560.00 ,FT-1E,,,,,,,
# 1 Southern Pine 2x4 13.919,10,13.919,14,0.081,92.792,93.333,0.542,140,Southern Pine,Number 1,Untreated,2,4,$5.20 ,$51.96 ,$5.23 ,$52.27 ,$560.00 ,T-3A | T-3B,,,,,,,
# 1 Southern Pine 2x4 14.185,2,14.185,16,1.815,18.914,21.333,2.419,32,Southern Pine,Number 1,Untreated,2,4,$5.34 ,$10.69 ,$6.03 ,$12.05 ,$565.00 ,T-3A,,,,,,,
# 1 Southern Pine 2x4 15.424,3,15.424,16,0.576,30.847,32,1.153,48,Southern Pine,Number 1,Untreated,2,4,$5.81 ,$17.43 ,$6.03 ,$18.08 ,$565.00 ,T-4,,,,,,,
# 1 Southern Pine 2x4 15.938,1,15.938,16,0.062,10.625,10.667,0.041,16,Southern Pine,Number 1,Untreated,2,4,$6.00 ,$6.00 ,$6.03 ,$6.03 ,$565.00 ,FT-3A,,,,,,,
# 1 Southern Pine 2x4 18.104,1,18.104,20,1.896,12.069,13.333,1.264,20,Southern Pine,Number 1,Untreated,2,4,$7.30 ,$7.30 ,$8.07 ,$8.07 ,$605.00 ,FT-3B,,,,,,,
# 1 Southern Pine 2x6 11.242,2,11.242,12,0.758,22.483,24,1.517,24,Southern Pine,Number 1,Untreated,2,6,$4.61 ,$9.22 ,$4.92 ,$9.84 ,$410.00 ,HG-1,,,,,,,
# 1 Southern Pine 2x6 15.771,2,15.771,16,0.229,31.542,32,0.458,32,Southern Pine,Number 1,Untreated,2,6,$6.07 ,$12.14 ,$6.16 ,$12.32 ,$385.00 ,T-3A,,,,,,,
# 1 Southern Pine 2x6 16.4,1,16.4,18,1.6,16.4,18,1.6,18,Southern Pine,Number 1,Untreated,2,6,$7.22 ,$7.22 ,$7.92 ,$7.92 ,$440.00 ,FT-3A,,,,,,,
# 2 Southern Pine 2x4 0.985,1,0.985,2,1.015,0.657,1.333,0.677,2,Southern Pine,Number 2,Untreated,2,4,$0.27 ,$0.27 ,$0.54 ,$0.54 ,$405.00 ,FT-1B,,,,,,,
# 2 Southern Pine 2x4 1.078,4,1.078,2,0.922,2.875,5.333,2.458,8,Southern Pine,Number 2,Untreated,2,4,$0.29 ,$1.16 ,$0.54 ,$2.16 ,$405.00 ,CJ-1B,,,,,,,
# 2 Southern Pine 2x4 1.225,1,1.225,2,0.775,0.817,1.333,0.517,2,Southern Pine,Number 2,Untreated,2,4,$0.33 ,$0.33 ,$0.54 ,$0.54 ,$405.00 ,T-5A,,,,,,,
# 2 Southern Pine 2x4 1.292,1,1.292,2,0.708,0.861,1.333,0.472,2,Southern Pine,Number 2,Untreated,2,4,$0.35 ,$0.35 ,$0.54 ,$0.54 ,$405.00 ,T-4C,,,,,,,
# 2 Southern Pine 2x4 1.364,1,1.364,2,0.636,0.909,1.333,0.424,2,Southern Pine,Number 2,Untreated,2,4,$0.37 ,$0.37 ,$0.54 ,$0.54 ,$405.00 ,T-6B,,,,,,,
# 2 Southern Pine 2x4 1.474,2,1.474,2,0.526,1.965,2.667,0.701,4,Southern Pine,Number 2,Untreated,2,4,$0.40 ,$0.80 ,$0.54 ,$1.08 ,$405.00 ,CJ-4B,,,,,,,
# 2 Southern Pine 2x4 1.532,4,1.532,2,0.468,4.086,5.333,1.247,8,Southern Pine,Number 2,Untreated,2,4,$0.41 ,$1.65 ,$0.54 ,$2.16 ,$405.00 ,CJ-1A,,,,,,,
# 2 Southern Pine 2x4 1.553,1,1.553,2,0.447,1.036,1.333,0.298,2,Southern Pine,Number 2,Untreated,2,4,$0.42 ,$0.42 ,$0.54 ,$0.54 ,$405.00 ,FT-1A,,,,,,,
# 2 Southern Pine 2x4 1.641,2,1.641,2,0.359,2.188,2.667,0.479,4,Southern Pine,Number 2,Untreated,2,4,$0.44 ,$0.89 ,$0.54 ,$1.08 ,$405.00 ,CJ-2C,,,,,,,
# 2 Southern Pine 2x4 1.674,9,1.674,2,0.326,10.042,12,1.958,18,Southern Pine,Number 2,Untreated,2,4,$0.45 ,$4.07 ,$0.54 ,$4.86 ,$405.00 ,EJ-2,,,,,,,
# 2 Southern Pine 2x4 2.063,1,2.063,4,1.937,1.375,2.667,1.292,4,Southern Pine,Number 2,Untreated,2,4,$0.68 ,$0.68 ,$1.32 ,$1.32 ,$495.00 ,FT-6A,,,,,,,
# 2 Southern Pine 2x4 2.068,1,2.068,4,1.932,1.378,2.667,1.288,4,Southern Pine,Number 2,Untreated,2,4,$0.68 ,$0.68 ,$1.32 ,$1.32 ,$495.00 ,FT-5D,,,,,,,
# 2 Southern Pine 2x4 2.375,9,2.375,4,1.625,14.25,24,9.75,36,Southern Pine,Number 2,Untreated,2,4,$0.78 ,$7.05 ,$1.32 ,$11.88 ,$495.00 ,FT-3D | T-3,,,,,,,
# 2 Southern Pine 2x4 2.387,1,2.387,4,1.613,1.591,2.667,1.076,4,Southern Pine,Number 2,Untreated,2,4,$0.79 ,$0.79 ,$1.32 ,$1.32 ,$495.00 ,FT-1B,,,,,,,
# 2 Southern Pine 2x4 2.458,1,2.458,4,1.542,1.639,2.667,1.028,4,Southern Pine,Number 2,Untreated,2,4,$0.81 ,$0.81 ,$1.32 ,$1.32 ,$495.00 ,FT-6C,,,,,,,
# 2 Southern Pine 2x4 2.667,21,2.667,4,1.333,37.333,56,18.667,84,Southern Pine,Number 2,Untreated,2,4,$0.88 ,$18.48 ,$1.32 ,$27.72 ,$495.00 ,EJ-1 | CJ-1A | HG-1 | FT-1A | FT-1B | FT-1C | FT-1D | FT-1E,,,,,,,
# 2 Southern Pine 2x4 2.734,5,2.734,4,1.266,9.113,13.333,4.22,20,Southern Pine,Number 2,Untreated,2,4,$0.90 ,$4.51 ,$1.32 ,$6.60 ,$495.00 ,CJ-1B | FT-3D,,,,,,,
# 2 Southern Pine 2x4 2.767,1,2.767,4,1.233,1.844,2.667,0.822,4,Southern Pine,Number 2,Untreated,2,4,$0.91 ,$0.91 ,$1.32 ,$1.32 ,$495.00 ,T-5D,,,,,,,
# 2 Southern Pine 2x4 2.903,1,2.903,4,1.097,1.935,2.667,0.731,4,Southern Pine,Number 2,Untreated,2,4,$0.96 ,$0.96 ,$1.32 ,$1.32 ,$495.00 ,T-5D,,,,,,,
# 2 Southern Pine 2x4 2.943,1,2.943,4,1.057,1.962,2.667,0.705,4,Southern Pine,Number 2,Untreated,2,4,$0.97 ,$0.97 ,$1.32 ,$1.32 ,$495.00 ,FT-1E,,,,,,,
# 2 Southern Pine 2x4 3.068,2,3.068,4,0.932,4.091,5.333,1.243,8,Southern Pine,Number 2,Untreated,2,4,$1.01 ,$2.02 ,$1.32 ,$2.64 ,$495.00 ,T-3A,,,,,,,
# 2 Southern Pine 2x4 3.141,1,3.141,4,0.859,2.094,2.667,0.572,4,Southern Pine,Number 2,Untreated,2,4,$1.04 ,$1.04 ,$1.32 ,$1.32 ,$495.00 ,FT-1A,,,,,,,
# 2 Southern Pine 2x4 3.163,2,3.163,4,0.837,4.217,5.333,1.116,8,Southern Pine,Number 2,Untreated,2,4,$1.04 ,$2.09 ,$1.32 ,$2.64 ,$495.00 ,CJ-4B,,,,,,,
# 2 Southern Pine 2x4 3.183,1,3.183,4,0.817,2.122,2.667,0.544,4,Southern Pine,Number 2,Untreated,2,4,$1.05 ,$1.05 ,$1.32 ,$1.32 ,$495.00 ,T-5B,,,,,,,
# 2 Southern Pine 2x4 3.22,1,3.22,4,0.78,2.147,2.667,0.52,4,Southern Pine,Number 2,Untreated,2,4,$1.06 ,$1.06 ,$1.32 ,$1.32 ,$495.00 ,FT-1C,,,,,,,
# 2 Southern Pine 2x4 3.292,2,3.292,4,0.708,4.389,5.333,0.944,8,Southern Pine,Number 2,Untreated,2,4,$1.09 ,$2.17 ,$1.32 ,$2.64 ,$495.00 ,T-4B | FT-6B,,,,,,,
# 2 Southern Pine 2x4 3.343,2,3.343,4,0.657,4.458,5.333,0.876,8,Southern Pine,Number 2,Untreated,2,4,$1.10 ,$2.21 ,$1.32 ,$2.64 ,$495.00 ,CJ-2C,,,,,,,
# 2 Southern Pine 2x4 3.474,2,3.474,4,0.526,4.632,5.333,0.701,8,Southern Pine,Number 2,Untreated,2,4,$1.15 ,$2.29 ,$1.32 ,$2.64 ,$495.00 ,CJ-4A,,,,,,,
# 2 Southern Pine 2x4 3.557,1,3.557,4,0.443,2.372,2.667,0.295,4,Southern Pine,Number 2,Untreated,2,4,$1.17 ,$1.17 ,$1.32 ,$1.32 ,$495.00 ,T-3C,,,,,,,
# 2 Southern Pine 2x4 3.558,3,3.558,4,0.442,7.117,8,0.883,12,Southern Pine,Number 2,Untreated,2,4,$1.17 ,$3.52 ,$1.32 ,$3.96 ,$495.00 ,EJ-1,,,,,,,
# 2 Southern Pine 2x4 3.641,2,3.641,4,0.359,4.854,5.333,0.479,8,Southern Pine,Number 2,Untreated,2,4,$1.20 ,$2.40 ,$1.32 ,$2.64 ,$495.00 ,CJ-2B,,,,,,,
# 2 Southern Pine 2x4 3.642,2,3.642,4,0.358,4.856,5.333,0.477,8,Southern Pine,Number 2,Untreated,2,4,$1.20 ,$2.40 ,$1.32 ,$2.64 ,$495.00 ,T-6B,,,,,,,
# 2 Southern Pine 2x4 3.668,1,3.668,4,0.332,2.446,2.667,0.221,4,Southern Pine,Number 2,Untreated,2,4,$1.21 ,$1.21 ,$1.32 ,$1.32 ,$495.00 ,FT-3A,,,,,,,
# 2 Southern Pine 2x4 3.7,2,3.7,4,0.3,4.933,5.333,0.4,8,Southern Pine,Number 2,Untreated,2,4,$1.22 ,$2.44 ,$1.32 ,$2.64 ,$495.00 ,T-3A,,,,,,,
# 2 Southern Pine 2x4 3.771,2,3.771,4,0.229,5.028,5.333,0.306,8,Southern Pine,Number 2,Untreated,2,4,$1.24 ,$2.49 ,$1.32 ,$2.64 ,$495.00 ,KJ-1,,,,,,,
# 2 Southern Pine 2x4 3.896,4,3.896,4,0.104,10.389,10.667,0.278,16,Southern Pine,Number 2,Untreated,2,4,$1.29 ,$5.14 ,$1.32 ,$5.28 ,$495.00 ,FT-3A | FT-3B | T-3A,,,,,,,
# 2 Southern Pine 2x4 3.958,4,3.958,4,0.042,10.556,10.667,0.111,16,Southern Pine,Number 2,Untreated,2,4,$1.31 ,$5.23 ,$1.32 ,$5.28 ,$495.00 ,T-6A,,,,,,,
# 2 Southern Pine 2x4 3.964,1,3.964,4,0.036,2.642,2.667,0.024,4,Southern Pine,Number 2,Untreated,2,4,$1.31 ,$1.31 ,$1.32 ,$1.32 ,$495.00 ,FT-1D,,,,,,,
# 2 Southern Pine 2x4 4.053,1,4.053,6,1.947,2.702,4,1.298,6,Southern Pine,Number 2,Untreated,2,4,$1.34 ,$1.34 ,$1.98 ,$1.98 ,$495.00 ,FT-1D,,,,,,,
# 2 Southern Pine 2x4 4.068,1,4.068,6,1.932,2.712,4,1.288,6,Southern Pine,Number 2,Untreated,2,4,$1.34 ,$1.34 ,$1.98 ,$1.98 ,$495.00 ,FT-5C,,,,,,,
# 2 Southern Pine 2x4 4.125,2,4.125,6,1.875,5.5,8,2.5,12,Southern Pine,Number 2,Untreated,2,4,$1.36 ,$2.72 ,$1.98 ,$3.96 ,$495.00 ,HG-1,,,,,,,
# 2 Southern Pine 2x4 4.195,10,4.195,6,1.805,27.965,40,12.035,60,Southern Pine,Number 2,Untreated,2,4,$1.38 ,$13.84 ,$1.98 ,$19.80 ,$495.00 ,FT-3C | FT-3D | T-3,,,,,,,
# 2 Southern Pine 2x4 4.197,4,4.197,6,1.803,11.191,16,4.809,24,Southern Pine,Number 2,Untreated,2,4,$1.38 ,$5.54 ,$1.98 ,$7.92 ,$495.00 ,FT-5E | FT-5D | FT-5C | FT-5B,,,,,,,
# 2 Southern Pine 2x4 4.229,1,4.229,6,1.771,2.819,4,1.181,6,Southern Pine,Number 2,Untreated,2,4,$1.40 ,$1.40 ,$1.98 ,$1.98 ,$495.00 ,FT-6B,,,,,,,
# 2 Southern Pine 2x4 4.37,1,4.37,6,1.63,2.913,4,1.087,6,Southern Pine,Number 2,Untreated,2,4,$1.44 ,$1.44 ,$1.98 ,$1.98 ,$495.00 ,FT-1A,,,,,,,
# 2 Southern Pine 2x4 4.438,4,4.438,6,1.562,11.833,16,4.167,24,Southern Pine,Number 2,Untreated,2,4,$1.46 ,$5.86 ,$1.98 ,$7.92 ,$495.00 ,FT-5E | FT-5D | FT-5C | FT-5B,,,,,,,
# 2 Southern Pine 2x4 4.479,1,4.479,6,1.521,2.986,4,1.014,6,Southern Pine,Number 2,Untreated,2,4,$1.48 ,$1.48 ,$1.98 ,$1.98 ,$495.00 ,FT-1E,,,,,,,
# 2 Southern Pine 2x4 4.521,1,4.521,6,1.479,3.014,4,0.986,6,Southern Pine,Number 2,Untreated,2,4,$1.49 ,$1.49 ,$1.98 ,$1.98 ,$495.00 ,FT-3A,,,,,,,
# 2 Southern Pine 2x4 4.625,2,4.625,6,1.375,6.166,8,1.834,12,Southern Pine,Number 2,Untreated,2,4,$1.53 ,$3.05 ,$1.98 ,$3.96 ,$495.00 ,FT-3A | FT-3B,,,,,,,
# 2 Southern Pine 2x4 4.75,1,4.75,6,1.25,3.167,4,0.833,6,Southern Pine,Number 2,Untreated,2,4,$1.57 ,$1.57 ,$1.98 ,$1.98 ,$495.00 ,T-3C,,,,,,,
# 2 Southern Pine 2x4 4.901,4,4.901,6,1.099,13.068,16,2.932,24,Southern Pine,Number 2,Untreated,2,4,$1.62 ,$6.47 ,$1.98 ,$7.92 ,$495.00 ,CJ-1A,,,,,,,
# 2 Southern Pine 2x4 4.904,1,4.904,6,1.096,3.27,4,0.73,6,Southern Pine,Number 2,Untreated,2,4,$1.62 ,$1.62 ,$1.98 ,$1.98 ,$495.00 ,FT-3B,,,,,,,
# 2 Southern Pine 2x4 4.933,1,4.933,6,1.067,3.289,4,0.711,6,Southern Pine,Number 2,Untreated,2,4,$1.63 ,$1.63 ,$1.98 ,$1.98 ,$495.00 ,T-5C,,,,,,,
# 2 Southern Pine 2x4 5.019,2,5.019,6,0.981,6.692,8,1.308,12,Southern Pine,Number 2,Untreated,2,4,$1.66 ,$3.31 ,$1.98 ,$3.96 ,$495.00 ,FT-3A | FT-3B,,,,,,,
# 2 Southern Pine 2x4 5.13,1,5.13,6,0.87,3.42,4,0.58,6,Southern Pine,Number 2,Untreated,2,4,$1.69 ,$1.69 ,$1.98 ,$1.98 ,$495.00 ,FT-5B,,,,,,,
# 2 Southern Pine 2x4 5.132,1,5.132,6,0.868,3.421,4,0.579,6,Southern Pine,Number 2,Untreated,2,4,$1.69 ,$1.69 ,$1.98 ,$1.98 ,$495.00 ,FT-6C,,,,,,,
# 2 Southern Pine 2x4 5.183,1,5.183,6,0.817,3.456,4,0.544,6,Southern Pine,Number 2,Untreated,2,4,$1.71 ,$1.71 ,$1.98 ,$1.98 ,$495.00 ,T-5C,,,,,,,
# 2 Southern Pine 2x4 5.257,1,5.257,6,0.743,3.505,4,0.495,6,Southern Pine,Number 2,Untreated,2,4,$1.73 ,$1.73 ,$1.98 ,$1.98 ,$495.00 ,FT-3A,,,,,,,
# 2 Southern Pine 2x4 5.292,2,5.292,6,0.708,7.056,8,0.944,12,Southern Pine,Number 2,Untreated,2,4,$1.75 ,$3.49 ,$1.98 ,$3.96 ,$495.00 ,T-4A | FT-6A,,,,,,,
# 2 Southern Pine 2x4 5.293,9,5.293,6,0.707,31.76,36,4.24,54,Southern Pine,Number 2,Untreated,2,4,$1.75 ,$15.72 ,$1.98 ,$17.82 ,$495.00 ,T-3B | T-3C,,,,,,,
# 2 Southern Pine 2x4 5.33,2,5.33,6,0.67,7.106,8,0.894,12,Southern Pine,Number 2,Untreated,2,4,$1.76 ,$3.52 ,$1.98 ,$3.96 ,$495.00 ,CJ-4A,,,,,,,
# 2 Southern Pine 2x4 5.382,1,5.382,6,0.618,3.588,4,0.412,6,Southern Pine,Number 2,Untreated,2,4,$1.78 ,$1.78 ,$1.98 ,$1.98 ,$495.00 ,FT-5B,,,,,,,
# 2 Southern Pine 2x4 5.5,4,5.5,6,0.5,14.667,16,1.333,24,Southern Pine,Number 2,Untreated,2,4,$1.82 ,$7.26 ,$1.98 ,$7.92 ,$495.00 ,EJ-4 | EJ-4A,,,,,,,
# 2 Southern Pine 2x4 5.51,2,5.51,6,0.49,7.347,8,0.653,12,Southern Pine,Number 2,Untreated,2,4,$1.82 ,$3.64 ,$1.98 ,$3.96 ,$495.00 ,CJ-2B,,,,,,,
# 2 Southern Pine 2x4 5.519,5,5.519,6,0.481,18.397,20,1.603,30,Southern Pine,Number 2,Untreated,2,4,$1.82 ,$9.11 ,$1.98 ,$9.90 ,$495.00 ,FT-3B | FT-3C | FT-3D | T-3A,,,,,,,
# 2 Southern Pine 2x4 5.641,2,5.641,6,0.359,7.521,8,0.479,12,Southern Pine,Number 2,Untreated,2,4,$1.86 ,$3.72 ,$1.98 ,$3.96 ,$495.00 ,CJ-2A,,,,,,,
# 2 Southern Pine 2x4 5.964,1,5.964,6,0.036,3.976,4,0.024,6,Southern Pine,Number 2,Untreated,2,4,$1.97 ,$1.97 ,$1.98 ,$1.98 ,$495.00 ,FT-1C,,,,,,,
# 2 Southern Pine 2x4 6.068,1,6.068,8,1.932,4.045,5.333,1.288,8,Southern Pine,Number 2,Untreated,2,4,$2.41 ,$2.41 ,$3.17 ,$3.17 ,$595.00 ,FT-5B,,,,,,,
# 2 Southern Pine 2x4 6.158,3,6.158,8,1.842,12.316,16,3.684,24,Southern Pine,Number 2,Untreated,2,4,$2.44 ,$7.33 ,$3.17 ,$9.52 ,$595.00 ,FT-5E | FT-5D | FT-5C,,,,,,,
# 2 Southern Pine 2x4 6.179,1,6.179,8,1.821,4.119,5.333,1.214,8,Southern Pine,Number 2,Untreated,2,4,$2.45 ,$2.45 ,$3.17 ,$3.17 ,$595.00 ,T-3C,,,,,,,
# 2 Southern Pine 2x4 6.37,1,6.37,8,1.63,4.247,5.333,1.087,8,Southern Pine,Number 2,Untreated,2,4,$2.53 ,$2.53 ,$3.17 ,$3.17 ,$595.00 ,FT-1B,,,,,,,
# 2 Southern Pine 2x4 6.375,1,6.375,8,1.625,4.25,5.333,1.083,8,Southern Pine,Number 2,Untreated,2,4,$2.53 ,$2.53 ,$3.17 ,$3.17 ,$595.00 ,T-3C,,,,,,,
# 2 Southern Pine 2x4 6.599,8,6.599,8,1.401,35.195,42.667,7.472,64,Southern Pine,Number 2,Untreated,2,4,$2.62 ,$20.94 ,$3.17 ,$25.39 ,$595.00 ,T-3B,,,,,,,
# 2 Southern Pine 2x4 6.734,1,6.734,8,1.266,4.49,5.333,0.844,8,Southern Pine,Number 2,Untreated,2,4,$2.67 ,$2.67 ,$3.17 ,$3.17 ,$595.00 ,FT-3C,,,,,,,
# 2 Southern Pine 2x4 7.083,6,7.083,8,0.917,28.333,32,3.667,48,Southern Pine,Number 2,Untreated,2,4,$2.81 ,$16.86 ,$3.17 ,$19.04 ,$595.00 ,T-6A | T-6B | FT-6A | FT-6B | FT-6C,,,,,,,
# 2 Southern Pine 2x4 7.095,3,7.095,8,0.905,14.191,16,1.809,24,Southern Pine,Number 2,Untreated,2,4,$2.81 ,$8.44 ,$3.17 ,$9.52 ,$595.00 ,EJ-1,,,,,,,
# 2 Southern Pine 2x4 7.13,8,7.13,8,0.87,38.027,42.667,4.639,64,Southern Pine,Number 2,Untreated,2,4,$2.83 ,$22.63 ,$3.17 ,$25.39 ,$595.00 ,T-3B,,,,,,,
# 2 Southern Pine 2x4 7.253,10,7.253,8,0.747,48.356,53.333,4.977,80,Southern Pine,Number 2,Untreated,2,4,$2.88 ,$28.77 ,$3.17 ,$31.73 ,$595.00 ,GT-6 | T-6,,,,,,,
# 2 Southern Pine 2x4 7.292,1,7.292,8,0.708,4.861,5.333,0.472,8,Southern Pine,Number 2,Untreated,2,4,$2.89 ,$2.89 ,$3.17 ,$3.17 ,$595.00 ,HG-4,,,,,,,
# 2 Southern Pine 2x4 7.524,4,7.524,8,0.476,20.065,21.333,1.269,32,Southern Pine,Number 2,Untreated,2,4,$2.98 ,$11.94 ,$3.17 ,$12.69 ,$595.00 ,EJ-4 | HG-4,,,,,,,
# 2 Southern Pine 2x4 8,1,8,8,0,5.333,5.333,0,8,Southern Pine,Number 2,Untreated,2,4,$3.17 ,$3.17 ,$3.17 ,$3.17 ,$595.00 ,T-3C,,,,,,,
# 2 Southern Pine 2x4 8.036,9,8.036,10,1.964,48.219,60,11.781,90,Southern Pine,Number 2,Untreated,2,4,$2.20 ,$19.77 ,$2.73 ,$24.60 ,$410.00 ,T-3B | T-3C,,,,,,,
# 2 Southern Pine 2x4 8.067,1,8.067,10,1.933,5.378,6.667,1.289,10,Southern Pine,Number 2,Untreated,2,4,$2.20 ,$2.20 ,$2.73 ,$2.73 ,$410.00 ,FT-5A,,,,,,,
# 2 Southern Pine 2x4 8.42,1,8.42,10,1.58,5.613,6.667,1.054,10,Southern Pine,Number 2,Untreated,2,4,$2.30 ,$2.30 ,$2.73 ,$2.73 ,$410.00 ,FT-5C,,,,,,,
# 2 Southern Pine 2x4 9.188,5,9.188,10,0.812,30.625,33.333,2.708,50,Southern Pine,Number 2,Untreated,2,4,$2.51 ,$12.56 ,$2.73 ,$13.67 ,$410.00 ,T-3C | FT-5E | FT-5D | FT-5C | FT-5B,,,,,,,
# 2 Southern Pine 2x4 9.222,1,9.222,10,0.778,6.148,6.667,0.519,10,Southern Pine,Number 2,Untreated,2,4,$2.52 ,$2.52 ,$2.73 ,$2.73 ,$410.00 ,T-5A,,,,,,,
# 2 Southern Pine 2x4 9.446,2,9.446,10,0.554,12.595,13.333,0.739,20,Southern Pine,Number 2,Untreated,2,4,$2.58 ,$5.16 ,$2.73 ,$5.47 ,$410.00 ,KJ-1,,,,,,,
# 2 Southern Pine 2x4 9.729,1,9.729,10,0.271,6.486,6.667,0.18,10,Southern Pine,Number 2,Untreated,2,4,$2.66 ,$2.66 ,$2.73 ,$2.73 ,$410.00 ,KJ-4,,,,,,,
# 2 Southern Pine 2x4 9.872,10,9.872,10,0.128,65.81,66.667,0.856,100,Southern Pine,Number 2,Untreated,2,4,$2.70 ,$26.98 ,$2.73 ,$27.33 ,$410.00 ,EJ-2 | HG-2,,,,,,,
# 2 Southern Pine 2x4 9.922,1,9.922,10,0.078,6.615,6.667,0.052,10,Southern Pine,Number 2,Untreated,2,4,$2.71 ,$2.71 ,$2.73 ,$2.73 ,$410.00 ,T-5E,,,,,,,
# 2 Southern Pine 2x4 10,10,10,10,0,66.667,66.667,0,100,Southern Pine,Number 2,Untreated,2,4,$2.73 ,$27.33 ,$2.73 ,$27.33 ,$410.00 ,FT-2A | T-3C | FT-5E | FT-5D | FT-5C | FT-5B | T-5 | GT-5,,,,,,,
# 2 Southern Pine 2x4 10.5,5,10.5,12,1.5,35,40,5,60,Southern Pine,Number 2,Untreated,2,4,$3.43 ,$17.15 ,$3.92 ,$19.60 ,$490.00 ,GT-6 | T-6,,,,,,,
# 2 Southern Pine 2x4 10.586,1,10.586,12,1.414,7.058,8,0.942,12,Southern Pine,Number 2,Untreated,2,4,$3.46 ,$3.46 ,$3.92 ,$3.92 ,$490.00 ,FT-5D,,,,,,,
# 2 Southern Pine 2x4 10.633,1,10.633,12,1.367,7.089,8,0.911,12,Southern Pine,Number 2,Untreated,2,4,$3.47 ,$3.47 ,$3.92 ,$3.92 ,$490.00 ,FT-1C,,,,,,,
# 2 Southern Pine 2x4 11.858,1,11.858,12,0.142,7.905,8,0.095,12,Southern Pine,Number 2,Untreated,2,4,$3.87 ,$3.87 ,$3.92 ,$3.92 ,$490.00 ,T-4B,,,,,,,
# 2 Southern Pine 2x4 12.038,1,12.038,14,1.962,8.025,9.333,1.308,14,Southern Pine,Number 2,Untreated,2,4,$4.09 ,$4.09 ,$4.76 ,$4.76 ,$510.00 ,FT-2A,,,,,,,
# 2 Southern Pine 2x4 12.078,1,12.078,14,1.922,8.052,9.333,1.282,14,Southern Pine,Number 2,Untreated,2,4,$4.11 ,$4.11 ,$4.76 ,$4.76 ,$510.00 ,T-5E,,,,,,,
# 2 Southern Pine 2x4 12.185,1,12.185,14,1.815,8.124,9.333,1.21,14,Southern Pine,Number 2,Untreated,2,4,$4.14 ,$4.14 ,$4.76 ,$4.76 ,$510.00 ,T-3C,,,,,,,
# 2 Southern Pine 2x4 12.399,8,12.399,14,1.601,66.13,74.667,8.537,112,Southern Pine,Number 2,Untreated,2,4,$4.22 ,$33.73 ,$4.76 ,$38.08 ,$510.00 ,T-5D | T-5C | T-5B | T-5A | T-5 | GT-5,,,,,,,
# 2 Southern Pine 2x4 12.742,1,12.742,14,1.258,8.495,9.333,0.839,14,Southern Pine,Number 2,Untreated,2,4,$4.33 ,$4.33 ,$4.76 ,$4.76 ,$510.00 ,FT-5E,,,,,,,
# 2 Southern Pine 2x4 12.792,7,12.792,14,1.208,59.694,65.333,5.639,98,Southern Pine,Number 2,Untreated,2,4,$4.35 ,$30.44 ,$4.76 ,$33.32 ,$510.00 ,T-4 | T-4C | T-4B | T-4A | HG-4,,,,,,,
# 2 Southern Pine 2x4 13.29,1,13.29,14,0.71,8.86,9.333,0.474,14,Southern Pine,Number 2,Untreated,2,4,$4.52 ,$4.52 ,$4.76 ,$4.76 ,$510.00 ,KJ-2,,,,,,,
# 2 Southern Pine 2x4 13.354,1,13.354,14,0.646,8.903,9.333,0.431,14,Southern Pine,Number 2,Untreated,2,4,$4.54 ,$4.54 ,$4.76 ,$4.76 ,$510.00 ,T-3C,,,,,,,
# 2 Southern Pine 2x4 14.024,1,14.024,16,1.976,9.35,10.667,1.317,16,Southern Pine,Number 2,Untreated,2,4,$4.67 ,$4.67 ,$5.33 ,$5.33 ,$500.00 ,T-4C,,,,,,,
# 2 Southern Pine 2x4 14.088,1,14.088,16,1.912,9.392,10.667,1.275,16,Southern Pine,Number 2,Untreated,2,4,$4.70 ,$4.70 ,$5.33 ,$5.33 ,$500.00 ,FT-5A,,,,,,,
# 2 Southern Pine 2x4 15.333,1,15.333,16,0.667,10.222,10.667,0.444,16,Southern Pine,Number 2,Untreated,2,4,$5.11 ,$5.11 ,$5.33 ,$5.33 ,$500.00 ,FT-2A,,,,,,,
# 2 Southern Pine 2x4 15.919,1,15.919,16,0.081,10.613,10.667,0.054,16,Southern Pine,Number 2,Untreated,2,4,$5.31 ,$5.31 ,$5.33 ,$5.33 ,$500.00 ,T-3C,,,,,,,
# 2 Southern Pine 2x4 16.333,1,16.333,18,1.667,10.889,12,1.111,18,Southern Pine,Number 2,Untreated,2,4,$5.50 ,$5.50 ,$6.06 ,$6.06 ,$505.00 ,FT-2A,,,,,,,
# 2 Southern Pine 2x4 19.625,6,19.625,20,0.375,78.5,80,1.5,120,Southern Pine,Number 2,Untreated,2,4,$6.61 ,$39.64 ,$6.73 ,$40.40 ,$505.00 ,FT-5A | T-5E | T-5D | T-5C | T-5B | T-5A,,,,,,,
# 2 Southern Pine 2x6 0.375,10,0.375,2,1.625,3.75,20,16.25,20,Southern Pine,Number 2,Untreated,2,6,$0.17 ,$1.66 ,$0.88 ,$8.84 ,$442.00 ,EJ-1 | KJ-1 | FT-1A | FT-1B | FT-1C | FT-1D | FT-1E,,,,,,,
# 2 Southern Pine 2x6 2.072,1,2.072,4,1.928,2.072,4,1.928,4,Southern Pine,Number 2,Untreated,2,6,$0.81 ,$0.81 ,$1.56 ,$1.56 ,$390.00 ,FT-3C,,,,,,,
# 2 Southern Pine 2x6 4.947,2,4.947,6,1.053,9.893,12,2.107,12,Southern Pine,Number 2,Untreated,2,6,$1.93 ,$3.86 ,$2.34 ,$4.68 ,$390.00 ,KJ-1,,,,,,,
# 2 Southern Pine 2x6 5.079,3,5.079,6,0.921,15.237,18,2.763,18,Southern Pine,Number 2,Untreated,2,6,$1.98 ,$5.94 ,$2.34 ,$7.02 ,$390.00 ,FT-3B | T-3A,,,,,,,
# 2 Southern Pine 2x6 5.497,9,5.497,6,0.503,49.476,54,4.524,54,Southern Pine,Number 2,Untreated,2,6,$2.14 ,$19.30 ,$2.34 ,$21.06 ,$390.00 ,FT-3D | T-3,,,,,,,
# 2 Southern Pine 2x6 5.501,1,5.501,6,0.499,5.501,6,0.499,6,Southern Pine,Number 2,Untreated,2,6,$2.15 ,$2.15 ,$2.34 ,$2.34 ,$390.00 ,FT-3C,,,,,,,
# 2 Southern Pine 2x6 6,5,6,6,0,30,30,0,30,Southern Pine,Number 2,Untreated,2,6,$2.34 ,$11.70 ,$2.34 ,$11.70 ,$390.00 ,T-3C | FT-5E | FT-5D | FT-5C | FT-5B,,,,,,,
# 2 Southern Pine 2x6 7.365,1,7.365,8,0.635,7.365,8,0.635,8,Southern Pine,Number 2,Untreated,2,6,$3.57 ,$3.57 ,$3.88 ,$3.88 ,$485.00 ,KJ-4,,,,,,,
# 2 Southern Pine 2x6 10,1,10,10,0,10,10,0,10,Southern Pine,Number 2,Untreated,2,6,$4.25 ,$4.25 ,$4.25 ,$4.25 ,$425.00 ,HG-2,,,,,,,
# 2 Southern Pine 2x6 10.734,1,10.734,12,1.266,10.734,12,1.266,12,Southern Pine,Number 2,Untreated,2,6,$4.67 ,$4.67 ,$5.22 ,$5.22 ,$435.00 ,FT-3B,,,,,,,
# 2 Southern Pine 2x6 10.78,1,10.78,12,1.22,10.78,12,1.22,12,Southern Pine,Number 2,Untreated,2,6,$4.69 ,$4.69 ,$5.22 ,$5.22 ,$435.00 ,KJ-2,,,,,,,
# 2 Southern Pine 2x6 14.733,1,14.733,16,1.267,14.733,16,1.267,16,Southern Pine,Number 2,Untreated,2,6,$5.45 ,$5.45 ,$5.92 ,$5.92 ,$370.00 ,FT-3A,,,,,,,
# 2 Southern Pine 2x6 15.333,1,15.333,16,0.667,15.333,16,0.667,16,Southern Pine,Number 2,Untreated,2,6,$5.67 ,$5.67 ,$5.92 ,$5.92 ,$370.00 ,HG-2,,,,,,,
# 2 Southern Pine 2x6 15.771,1,15.771,16,0.229,15.771,16,0.229,16,Southern Pine,Number 2,Untreated,2,6,$5.84 ,$5.84 ,$5.92 ,$5.92 ,$370.00 ,FT-3B,,,,,,,
# 2 Southern Pine 2x6 18.333,1,18.333,20,1.667,18.333,20,1.667,20,Southern Pine,Number 2,Untreated,2,6,$6.97 ,$6.97 ,$7.60 ,$7.60 ,$380.00 ,HG-2,,,,,,,
# 3 Southern Pine 2x4 0.311,2,0.311,1,0.689,0.414,1.333,0.919,2,Southern Pine,Number 3,Untreated,2,4,$0.08 ,$0.16 ,$0.25 ,$0.50 ,$375.00 ,GT-6,,,,,,,
# 3 Southern Pine 2x4 0.375,20,0.375,1,0.625,5,13.333,8.333,20,Southern Pine,Number 3,Untreated,2,4,$0.09 ,$1.88 ,$0.25 ,$5.00 ,$375.00 ,FT-3C | FT-3D | T-3,,,,,,,
# 3 Southern Pine 2x4 0.42,1,0.42,1,0.58,0.28,0.667,0.387,1,Southern Pine,Number 3,Untreated,2,4,$0.11 ,$0.11 ,$0.25 ,$0.25 ,$375.00 ,T-5A,,,,,,,
# 3 Southern Pine 2x4 0.562,6,0.562,1,0.438,2.25,4,1.75,6,Southern Pine,Number 3,Untreated,2,4,$0.14 ,$0.84 ,$0.25 ,$1.50 ,$375.00 ,T-6 | T-6A,,,,,,,
# 3 Southern Pine 2x4 0.563,6,0.563,1,0.437,2.25,4,1.75,6,Southern Pine,Number 3,Untreated,2,4,$0.14 ,$0.84 ,$0.25 ,$1.50 ,$375.00 ,T-6 | T-6A,,,,,,,
# 3 Southern Pine 2x4 0.623,2,0.623,1,0.377,0.831,1.333,0.502,2,Southern Pine,Number 3,Untreated,2,4,$0.16 ,$0.31 ,$0.25 ,$0.50 ,$375.00 ,GT-5,,,,,,,
# 3 Southern Pine 2x4 0.693,1,0.693,1,0.307,0.462,0.667,0.205,1,Southern Pine,Number 3,Untreated,2,4,$0.17 ,$0.17 ,$0.25 ,$0.25 ,$375.00 ,KJ-4,,,,,,,
# 3 Southern Pine 2x4 0.866,2,0.866,1,0.134,1.155,1.333,0.178,2,Southern Pine,Number 3,Untreated,2,4,$0.22 ,$0.43 ,$0.25 ,$0.50 ,$375.00 ,GT-6,,,,,,,
# 3 Southern Pine 2x4 0.98,2,0.98,1,0.02,1.306,1.333,0.027,2,Southern Pine,Number 3,Untreated,2,4,$0.24 ,$0.49 ,$0.25 ,$0.50 ,$375.00 ,KJ-1,,,,,,,
# 3 Southern Pine 2x4 0.984,1,0.984,1,0.016,0.656,0.667,0.011,1,Southern Pine,Number 3,Untreated,2,4,$0.25 ,$0.25 ,$0.25 ,$0.25 ,$375.00 ,FT-1A,,,,,,,
# 3 Southern Pine 2x4 1.024,1,1.024,2,0.976,0.682,1.333,0.651,2,Southern Pine,Number 3,Untreated,2,4,$0.23 ,$0.23 ,$0.44 ,$0.44 ,$330.00 ,T-5A,,,,,,,
# 3 Southern Pine 2x4 1.049,4,1.049,2,0.951,2.796,5.333,2.537,8,Southern Pine,Number 3,Untreated,2,4,$0.23 ,$0.92 ,$0.44 ,$1.76 ,$330.00 ,HG-1,,,,,,,
# 3 Southern Pine 2x4 1.063,9,1.063,2,0.937,6.375,12,5.625,18,Southern Pine,Number 3,Untreated,2,4,$0.23 ,$2.10 ,$0.44 ,$3.96 ,$330.00 ,FT-3D | T-3,,,,,,,
# 3 Southern Pine 2x4 1.179,13,1.179,2,0.821,10.215,17.333,7.118,26,Southern Pine,Number 3,Untreated,2,4,$0.26 ,$3.37 ,$0.44 ,$5.72 ,$330.00 ,FT-3D | T-3 | T-3A | GT-5,,,,,,,
# 3 Southern Pine 2x4 1.196,1,1.196,2,0.804,0.797,1.333,0.536,2,Southern Pine,Number 3,Untreated,2,4,$0.26 ,$0.26 ,$0.44 ,$0.44 ,$330.00 ,KJ-2,,,,,,,
# 3 Southern Pine 2x4 1.236,1,1.236,2,0.764,0.824,1.333,0.509,2,Southern Pine,Number 3,Untreated,2,4,$0.27 ,$0.27 ,$0.44 ,$0.44 ,$330.00 ,T-5B,,,,,,,
# 3 Southern Pine 2x4 1.341,1,1.341,2,0.659,0.894,1.333,0.439,2,Southern Pine,Number 3,Untreated,2,4,$0.30 ,$0.30 ,$0.44 ,$0.44 ,$330.00 ,FT-1C,,,,,,,
# 3 Southern Pine 2x4 1.364,1,1.364,2,0.636,0.909,1.333,0.424,2,Southern Pine,Number 3,Untreated,2,4,$0.30 ,$0.30 ,$0.44 ,$0.44 ,$330.00 ,T-6B,,,,,,,
# 3 Southern Pine 2x4 1.422,2,1.422,2,0.578,1.896,2.667,0.771,4,Southern Pine,Number 3,Untreated,2,4,$0.31 ,$0.63 ,$0.44 ,$0.88 ,$330.00 ,GT-6,,,,,,,
# 3 Southern Pine 2x4 1.549,3,1.549,2,0.451,3.097,4,0.903,6,Southern Pine,Number 3,Untreated,2,4,$0.34 ,$1.02 ,$0.44 ,$1.32 ,$330.00 ,FT-6A | FT-6B | FT-6C,,,,,,,
# 3 Southern Pine 2x4 1.553,1,1.553,2,0.447,1.036,1.333,0.298,2,Southern Pine,Number 3,Untreated,2,4,$0.34 ,$0.34 ,$0.44 ,$0.44 ,$330.00 ,FT-1A,,,,,,,
# 3 Southern Pine 2x4 1.69,14,1.69,2,0.31,15.77,18.667,2.897,28,Southern Pine,Number 3,Untreated,2,4,$0.37 ,$5.20 ,$0.44 ,$6.16 ,$330.00 ,FT-3A | FT-3B | FT-3C | FT-3D | T-3 | T-3A,,,,,,,
# 3 Southern Pine 2x4 1.726,1,1.726,2,0.274,1.151,1.333,0.183,2,Southern Pine,Number 3,Untreated,2,4,$0.38 ,$0.38 ,$0.44 ,$0.44 ,$330.00 ,KJ-4,,,,,,,
# 3 Southern Pine 2x4 1.734,2,1.734,2,0.266,2.313,2.667,0.354,4,Southern Pine,Number 3,Untreated,2,4,$0.38 ,$0.76 ,$0.44 ,$0.88 ,$330.00 ,GT-5,,,,,,,
# 3 Southern Pine 2x4 1.758,1,1.758,2,0.242,1.172,1.333,0.162,2,Southern Pine,Number 3,Untreated,2,4,$0.39 ,$0.39 ,$0.44 ,$0.44 ,$330.00 ,FT-1D,,,,,,,
# 3 Southern Pine 2x4 1.821,1,1.821,2,0.179,1.214,1.333,0.12,2,Southern Pine,Number 3,Untreated,2,4,$0.40 ,$0.40 ,$0.44 ,$0.44 ,$330.00 ,FT-1B,,,,,,,
# 3 Southern Pine 2x4 1.873,7,1.873,2,0.127,8.742,9.333,0.591,14,Southern Pine,Number 3,Untreated,2,4,$0.41 ,$2.88 ,$0.44 ,$3.08 ,$330.00 ,FT-3A | FT-3B | T-5D | T-5C | T-5B | T-5,,,,,,,
# 3 Southern Pine 2x4 1.891,2,1.891,2,0.109,2.521,2.667,0.146,4,Southern Pine,Number 3,Untreated,2,4,$0.42 ,$0.83 ,$0.44 ,$0.88 ,$330.00 ,T-5A,,,,,,,
# 3 Southern Pine 2x4 1.917,8,1.917,2,0.083,10.222,10.667,0.444,16,Southern Pine,Number 3,Untreated,2,4,$0.42 ,$3.37 ,$0.44 ,$3.52 ,$330.00 ,GT-6 | T-6 | T-6A | T-6B,,,,,,,
# 3 Southern Pine 2x4 1.92,1,1.92,2,0.08,1.28,1.333,0.053,2,Southern Pine,Number 3,Untreated,2,4,$0.42 ,$0.42 ,$0.44 ,$0.44 ,$330.00 ,FT-1A,,,,,,,
# 3 Southern Pine 2x4 1.97,1,1.97,2,0.03,1.314,1.333,0.02,2,Southern Pine,Number 3,Untreated,2,4,$0.43 ,$0.43 ,$0.44 ,$0.44 ,$330.00 ,FT-1E,,,,,,,
# 3 Southern Pine 2x4 2,20,2,2,0,26.667,26.667,0,40,Southern Pine,Number 3,Untreated,2,4,$0.44 ,$8.80 ,$0.44 ,$8.80 ,$330.00 ,FT-3C | FT-3D | T-3,,,,,,,
# 3 Southern Pine 2x4 2.028,2,2.028,3,0.972,2.704,4,1.296,6,Southern Pine,Number 3,Untreated,2,4,$0.51 ,$1.01 ,$0.75 ,$1.50 ,$375.00 ,FT-1A | FT-1B,,,,,,,
# 3 Southern Pine 2x4 2.045,3,2.045,3,0.955,4.09,6,1.91,9,Southern Pine,Number 3,Untreated,2,4,$0.51 ,$1.53 ,$0.75 ,$2.25 ,$375.00 ,HG-4,,,,,,,
# 3 Southern Pine 2x4 2.069,1,2.069,3,0.931,1.38,2,0.62,3,Southern Pine,Number 3,Untreated,2,4,$0.52 ,$0.52 ,$0.75 ,$0.75 ,$375.00 ,T-5C,,,,,,,
# 3 Southern Pine 2x4 2.156,2,2.156,3,0.844,2.875,4,1.125,6,Southern Pine,Number 3,Untreated,2,4,$0.54 ,$1.08 ,$0.75 ,$1.50 ,$375.00 ,T-6B,,,,,,,
# 3 Southern Pine 2x4 2.177,1,2.177,3,0.823,1.451,2,0.549,3,Southern Pine,Number 3,Untreated,2,4,$0.54 ,$0.54 ,$0.75 ,$0.75 ,$375.00 ,FT-3C,,,,,,,
# 3 Southern Pine 2x4 2.198,3,2.198,3,0.802,4.396,6,1.604,9,Southern Pine,Number 3,Untreated,2,4,$0.55 ,$1.65 ,$0.75 ,$2.25 ,$375.00 ,FT-5A | T-5E | FT-6A,,,,,,,
# 3 Southern Pine 2x4 2.209,1,2.209,3,0.791,1.472,2,0.528,3,Southern Pine,Number 3,Untreated,2,4,$0.55 ,$0.55 ,$0.75 ,$0.75 ,$375.00 ,FT-1A,,,,,,,
# 3 Southern Pine 2x4 2.234,5,2.234,3,0.766,7.447,10,2.553,15,Southern Pine,Number 3,Untreated,2,4,$0.56 ,$2.79 ,$0.75 ,$3.75 ,$375.00 ,FT-1A | FT-1B | FT-1C | FT-1D | FT-1E,,,,,,,
# 3 Southern Pine 2x4 2.281,1,2.281,3,0.719,1.521,2,0.479,3,Southern Pine,Number 3,Untreated,2,4,$0.57 ,$0.57 ,$0.75 ,$0.75 ,$375.00 ,FT-3A,,,,,,,
# 3 Southern Pine 2x4 2.29,2,2.29,3,0.71,3.053,4,0.947,6,Southern Pine,Number 3,Untreated,2,4,$0.57 ,$1.14 ,$0.75 ,$1.50 ,$375.00 ,GT-5,,,,,,,
# 3 Southern Pine 2x4 2.375,9,2.375,3,0.625,14.25,18,3.75,27,Southern Pine,Number 3,Untreated,2,4,$0.59 ,$5.34 ,$0.75 ,$6.75 ,$375.00 ,FT-3D | T-3,,,,,,,
# 3 Southern Pine 2x4 2.387,1,2.387,3,0.613,1.591,2,0.409,3,Southern Pine,Number 3,Untreated,2,4,$0.60 ,$0.60 ,$0.75 ,$0.75 ,$375.00 ,FT-1B,,,,,,,
# 3 Southern Pine 2x4 2.403,1,2.403,3,0.597,1.602,2,0.398,3,Southern Pine,Number 3,Untreated,2,4,$0.60 ,$0.60 ,$0.75 ,$0.75 ,$375.00 ,T-3C,,,,,,,
# 3 Southern Pine 2x4 2.429,1,2.429,3,0.571,1.619,2,0.381,3,Southern Pine,Number 3,Untreated,2,4,$0.61 ,$0.61 ,$0.75 ,$0.75 ,$375.00 ,T-4B,,,,,,,
# 3 Southern Pine 2x4 2.434,4,2.434,3,0.566,6.491,8,1.509,12,Southern Pine,Number 3,Untreated,2,4,$0.61 ,$2.43 ,$0.75 ,$3.00 ,$375.00 ,T-4 | T-4C,,,,,,,
# 3 Southern Pine 2x4 2.475,8,2.475,3,0.525,13.202,16,2.798,24,Southern Pine,Number 3,Untreated,2,4,$0.62 ,$4.95 ,$0.75 ,$6.00 ,$375.00 ,T-3,,,,,,,
# 3 Southern Pine 2x4 2.497,1,2.497,3,0.503,1.664,2,0.336,3,Southern Pine,Number 3,Untreated,2,4,$0.62 ,$0.62 ,$0.75 ,$0.75 ,$375.00 ,T-3C,,,,,,,
# 3 Southern Pine 2x4 2.507,2,2.507,3,0.493,3.342,4,0.658,6,Southern Pine,Number 3,Untreated,2,4,$0.63 ,$1.25 ,$0.75 ,$1.50 ,$375.00 ,T-3A,,,,,,,
# 3 Southern Pine 2x4 2.529,1,2.529,3,0.471,1.686,2,0.314,3,Southern Pine,Number 3,Untreated,2,4,$0.63 ,$0.63 ,$0.75 ,$0.75 ,$375.00 ,FT-1C,,,,,,,
# 3 Southern Pine 2x4 2.556,1,2.556,3,0.444,1.704,2,0.296,3,Southern Pine,Number 3,Untreated,2,4,$0.64 ,$0.64 ,$0.75 ,$0.75 ,$375.00 ,FT-1A,,,,,,,
# 3 Southern Pine 2x4 2.572,9,2.572,3,0.428,15.432,18,2.568,27,Southern Pine,Number 3,Untreated,2,4,$0.64 ,$5.79 ,$0.75 ,$6.75 ,$375.00 ,T-3B | T-3C,,,,,,,
# 3 Southern Pine 2x4 2.579,8,2.579,3,0.421,13.756,16,2.244,24,Southern Pine,Number 3,Untreated,2,4,$0.64 ,$5.16 ,$0.75 ,$6.00 ,$375.00 ,T-3B,,,,,,,
# 3 Southern Pine 2x4 2.599,1,2.599,3,0.401,1.733,2,0.267,3,Southern Pine,Number 3,Untreated,2,4,$0.65 ,$0.65 ,$0.75 ,$0.75 ,$375.00 ,FT-3D,,,,,,,
# 3 Southern Pine 2x4 2.607,1,2.607,3,0.393,1.738,2,0.262,3,Southern Pine,Number 3,Untreated,2,4,$0.65 ,$0.65 ,$0.75 ,$0.75 ,$375.00 ,FT-1B,,,,,,,
# 3 Southern Pine 2x4 2.615,2,2.615,3,0.385,3.486,4,0.514,6,Southern Pine,Number 3,Untreated,2,4,$0.65 ,$1.31 ,$0.75 ,$1.50 ,$375.00 ,HG-2,,,,,,,
# 3 Southern Pine 2x4 2.619,1,2.619,3,0.381,1.746,2,0.254,3,Southern Pine,Number 3,Untreated,2,4,$0.65 ,$0.65 ,$0.75 ,$0.75 ,$375.00 ,FT-3C,,,,,,,
# 3 Southern Pine 2x4 2.641,1,2.641,3,0.359,1.761,2,0.239,3,Southern Pine,Number 3,Untreated,2,4,$0.66 ,$0.66 ,$0.75 ,$0.75 ,$375.00 ,FT-6A,,,,,,,
# 3 Southern Pine 2x4 2.732,1,2.732,3,0.268,1.821,2,0.179,3,Southern Pine,Number 3,Untreated,2,4,$0.68 ,$0.68 ,$0.75 ,$0.75 ,$375.00 ,KJ-2,,,,,,,
# 3 Southern Pine 2x4 2.757,1,2.757,3,0.243,1.838,2,0.162,3,Southern Pine,Number 3,Untreated,2,4,$0.69 ,$0.69 ,$0.75 ,$0.75 ,$375.00 ,HG-2,,,,,,,
# 3 Southern Pine 2x4 2.845,2,2.845,3,0.155,3.794,4,0.206,6,Southern Pine,Number 3,Untreated,2,4,$0.71 ,$1.42 ,$0.75 ,$1.50 ,$375.00 ,GT-5,,,,,,,
# 3 Southern Pine 2x4 2.878,1,2.878,3,0.122,1.919,2,0.081,3,Southern Pine,Number 3,Untreated,2,4,$0.72 ,$0.72 ,$0.75 ,$0.75 ,$375.00 ,T-4A,,,,,,,
# 3 Southern Pine 2x4 2.89,1,2.89,3,0.11,1.927,2,0.073,3,Southern Pine,Number 3,Untreated,2,4,$0.72 ,$0.72 ,$0.75 ,$0.75 ,$375.00 ,FT-1C,,,,,,,
# 3 Southern Pine 2x4 2.915,1,2.915,3,0.085,1.943,2,0.057,3,Southern Pine,Number 3,Untreated,2,4,$0.73 ,$0.73 ,$0.75 ,$0.75 ,$375.00 ,FT-3C,,,,,,,
# 3 Southern Pine 2x4 2.941,1,2.941,3,0.059,1.961,2,0.039,3,Southern Pine,Number 3,Untreated,2,4,$0.74 ,$0.74 ,$0.75 ,$0.75 ,$375.00 ,FT-3A,,,,,,,
# 3 Southern Pine 2x4 2.951,1,2.951,3,0.049,1.968,2,0.032,3,Southern Pine,Number 3,Untreated,2,4,$0.74 ,$0.74 ,$0.75 ,$0.75 ,$375.00 ,FT-2A,,,,,,,
# 3 Southern Pine 2x4 3.031,1,3.031,4,0.969,2.021,2.667,0.646,4,Southern Pine,Number 3,Untreated,2,4,$0.76 ,$0.76 ,$1.00 ,$1.00 ,$375.00 ,FT-6B,,,,,,,
# 3 Southern Pine 2x4 3.104,9,3.104,4,0.896,18.622,24,5.378,36,Southern Pine,Number 3,Untreated,2,4,$0.78 ,$6.98 ,$1.00 ,$9.00 ,$375.00 ,FT-3D | T-3,,,,,,,
# 3 Southern Pine 2x4 3.115,1,3.115,4,0.885,2.076,2.667,0.59,4,Southern Pine,Number 3,Untreated,2,4,$0.78 ,$0.78 ,$1.00 ,$1.00 ,$375.00 ,FT-3B,,,,,,,
# 3 Southern Pine 2x4 3.117,1,3.117,4,0.883,2.078,2.667,0.589,4,Southern Pine,Number 3,Untreated,2,4,$0.78 ,$0.78 ,$1.00 ,$1.00 ,$375.00 ,T-4A,,,,,,,
# 3 Southern Pine 2x4 3.126,2,3.126,4,0.874,4.168,5.333,1.165,8,Southern Pine,Number 3,Untreated,2,4,$0.78 ,$1.56 ,$1.00 ,$2.00 ,$375.00 ,T-3A,,,,,,,
# 3 Southern Pine 2x4 3.145,1,3.145,4,0.855,2.097,2.667,0.57,4,Southern Pine,Number 3,Untreated,2,4,$0.79 ,$0.79 ,$1.00 ,$1.00 ,$375.00 ,T-5B,,,,,,,
# 3 Southern Pine 2x4 3.167,1,3.167,4,0.833,2.111,2.667,0.556,4,Southern Pine,Number 3,Untreated,2,4,$0.79 ,$0.79 ,$1.00 ,$1.00 ,$375.00 ,FT-5B,,,,,,,
# 3 Southern Pine 2x4 3.178,1,3.178,4,0.822,2.119,2.667,0.548,4,Southern Pine,Number 3,Untreated,2,4,$0.79 ,$0.79 ,$1.00 ,$1.00 ,$375.00 ,FT-1C,,,,,,,
# 3 Southern Pine 2x4 3.199,2,3.199,4,0.801,4.265,5.333,1.068,8,Southern Pine,Number 3,Untreated,2,4,$0.80 ,$1.60 ,$1.00 ,$2.00 ,$375.00 ,T-3A,,,,,,,
# 3 Southern Pine 2x4 3.22,1,3.22,4,0.78,2.147,2.667,0.52,4,Southern Pine,Number 3,Untreated,2,4,$0.81 ,$0.81 ,$1.00 ,$1.00 ,$375.00 ,FT-1C,,,,,,,
# 3 Southern Pine 2x4 3.276,8,3.276,4,0.724,17.474,21.333,3.86,32,Southern Pine,Number 3,Untreated,2,4,$0.82 ,$6.55 ,$1.00 ,$8.00 ,$375.00 ,T-3,,,,,,,
# 3 Southern Pine 2x4 3.287,1,3.287,4,0.713,2.192,2.667,0.475,4,Southern Pine,Number 3,Untreated,2,4,$0.82 ,$0.82 ,$1.00 ,$1.00 ,$375.00 ,KJ-4,,,,,,,
# 3 Southern Pine 2x4 3.316,1,3.316,4,0.684,2.211,2.667,0.456,4,Southern Pine,Number 3,Untreated,2,4,$0.83 ,$0.83 ,$1.00 ,$1.00 ,$375.00 ,T-5A,,,,,,,
# 3 Southern Pine 2x4 3.362,1,3.362,4,0.638,2.242,2.667,0.425,4,Southern Pine,Number 3,Untreated,2,4,$0.84 ,$0.84 ,$1.00 ,$1.00 ,$375.00 ,FT-1D,,,,,,,
# 3 Southern Pine 2x4 3.378,1,3.378,4,0.622,2.252,2.667,0.414,4,Southern Pine,Number 3,Untreated,2,4,$0.84 ,$0.84 ,$1.00 ,$1.00 ,$375.00 ,FT-6C,,,,,,,
# 3 Southern Pine 2x4 3.392,1,3.392,4,0.608,2.262,2.667,0.405,4,Southern Pine,Number 3,Untreated,2,4,$0.85 ,$0.85 ,$1.00 ,$1.00 ,$375.00 ,T-3C,,,,,,,
# 3 Southern Pine 2x4 3.401,2,3.401,4,0.599,4.535,5.333,0.799,8,Southern Pine,Number 3,Untreated,2,4,$0.85 ,$1.70 ,$1.00 ,$2.00 ,$375.00 ,GT-5,,,,,,,
# 3 Southern Pine 2x4 3.418,2,3.418,4,0.582,4.558,5.333,0.775,8,Southern Pine,Number 3,Untreated,2,4,$0.85 ,$1.71 ,$1.00 ,$2.00 ,$375.00 ,FT-3C,,,,,,,
# 3 Southern Pine 2x4 3.443,1,3.443,4,0.557,2.295,2.667,0.372,4,Southern Pine,Number 3,Untreated,2,4,$0.86 ,$0.86 ,$1.00 ,$1.00 ,$375.00 ,FT-3C,,,,,,,
# 3 Southern Pine 2x4 3.459,1,3.459,4,0.541,2.306,2.667,0.361,4,Southern Pine,Number 3,Untreated,2,4,$0.86 ,$0.86 ,$1.00 ,$1.00 ,$375.00 ,FT-3C,,,,,,,
# 3 Southern Pine 2x4 3.533,1,3.533,4,0.467,2.355,2.667,0.311,4,Southern Pine,Number 3,Untreated,2,4,$0.88 ,$0.88 ,$1.00 ,$1.00 ,$375.00 ,FT-3B,,,,,,,
# 3 Southern Pine 2x4 3.558,1,3.558,4,0.442,2.372,2.667,0.295,4,Southern Pine,Number 3,Untreated,2,4,$0.89 ,$0.89 ,$1.00 ,$1.00 ,$375.00 ,FT-3D,,,,,,,
# 3 Southern Pine 2x4 3.62,1,3.62,4,0.38,2.413,2.667,0.253,4,Southern Pine,Number 3,Untreated,2,4,$0.90 ,$0.90 ,$1.00 ,$1.00 ,$375.00 ,T-3C,,,,,,,
# 3 Southern Pine 2x4 3.627,1,3.627,4,0.373,2.418,2.667,0.249,4,Southern Pine,Number 3,Untreated,2,4,$0.91 ,$0.91 ,$1.00 ,$1.00 ,$375.00 ,FT-1D,,,,,,,
# 3 Southern Pine 2x4 3.65,14,3.65,4,0.35,34.067,37.333,3.266,56,Southern Pine,Number 3,Untreated,2,4,$0.91 ,$12.78 ,$1.00 ,$14.00 ,$375.00 ,FT-3A | FT-3B | FT-3C | FT-3D | T-3 | T-3A,,,,,,,
# 3 Southern Pine 2x4 3.669,2,3.669,4,0.331,4.892,5.333,0.441,8,Southern Pine,Number 3,Untreated,2,4,$0.92 ,$1.83 ,$1.00 ,$2.00 ,$375.00 ,T-3A,,,,,,,
# 3 Southern Pine 2x4 3.678,1,3.678,4,0.322,2.452,2.667,0.214,4,Southern Pine,Number 3,Untreated,2,4,$0.92 ,$0.92 ,$1.00 ,$1.00 ,$375.00 ,FT-3C,,,,,,,
# 3 Southern Pine 2x4 3.682,1,3.682,4,0.318,2.455,2.667,0.212,4,Southern Pine,Number 3,Untreated,2,4,$0.92 ,$0.92 ,$1.00 ,$1.00 ,$375.00 ,T-5D,,,,,,,
# 3 Southern Pine 2x4 3.685,2,3.685,4,0.315,4.914,5.333,0.419,8,Southern Pine,Number 3,Untreated,2,4,$0.92 ,$1.84 ,$1.00 ,$2.00 ,$375.00 ,T-3C,,,,,,,
# 3 Southern Pine 2x4 3.694,2,3.694,4,0.306,4.925,5.333,0.408,8,Southern Pine,Number 3,Untreated,2,4,$0.92 ,$1.85 ,$1.00 ,$2.00 ,$375.00 ,HG-1,,,,,,,
# 3 Southern Pine 2x4 3.712,1,3.712,4,0.288,2.475,2.667,0.192,4,Southern Pine,Number 3,Untreated,2,4,$0.93 ,$0.93 ,$1.00 ,$1.00 ,$375.00 ,T-4B,,,,,,,
# 3 Southern Pine 2x4 3.781,2,3.781,4,0.219,5.042,5.333,0.292,8,Southern Pine,Number 3,Untreated,2,4,$0.95 ,$1.89 ,$1.00 ,$2.00 ,$375.00 ,FT-2A,,,,,,,
# 3 Southern Pine 2x4 3.796,2,3.796,4,0.204,5.062,5.333,0.271,8,Southern Pine,Number 3,Untreated,2,4,$0.95 ,$1.90 ,$1.00 ,$2.00 ,$375.00 ,T-5E,,,,,,,
# 3 Southern Pine 2x4 3.805,2,3.805,4,0.195,5.073,5.333,0.26,8,Southern Pine,Number 3,Untreated,2,4,$0.95 ,$1.90 ,$1.00 ,$2.00 ,$375.00 ,HG-4,,,,,,,
# 3 Southern Pine 2x4 3.847,1,3.847,4,0.153,2.564,2.667,0.102,4,Southern Pine,Number 3,Untreated,2,4,$0.96 ,$0.96 ,$1.00 ,$1.00 ,$375.00 ,FT-1D,,,,,,,
# 3 Southern Pine 2x4 3.879,9,3.879,4,0.121,23.273,24,0.727,36,Southern Pine,Number 3,Untreated,2,4,$0.97 ,$8.73 ,$1.00 ,$9.00 ,$375.00 ,FT-3D | T-3,,,,,,,
# 3 Southern Pine 2x4 3.896,6,3.896,4,0.104,15.583,16,0.417,24,Southern Pine,Number 3,Untreated,2,4,$0.97 ,$5.84 ,$1.00 ,$6.00 ,$375.00 ,T-5D | T-5C | T-5B | T-5A | T-5 | GT-5,,,,,,,
# 3 Southern Pine 2x4 3.97,1,3.97,4,0.03,2.647,2.667,0.02,4,Southern Pine,Number 3,Untreated,2,4,$0.99 ,$0.99 ,$1.00 ,$1.00 ,$375.00 ,FT-1D,,,,,,,
# 3 Southern Pine 2x4 4.014,1,4.014,5,0.986,2.676,3.333,0.658,5,Southern Pine,Number 3,Untreated,2,4,$1.00 ,$1.00 ,$1.25 ,$1.25 ,$375.00 ,FT-6C,,,,,,,
# 3 Southern Pine 2x4 4.053,1,4.053,5,0.947,2.702,3.333,0.631,5,Southern Pine,Number 3,Untreated,2,4,$1.01 ,$1.01 ,$1.25 ,$1.25 ,$375.00 ,FT-1D,,,,,,,
# 3 Southern Pine 2x4 4.083,1,4.083,5,0.917,2.722,3.333,0.611,5,Southern Pine,Number 3,Untreated,2,4,$1.02 ,$1.02 ,$1.25 ,$1.25 ,$375.00 ,FT-1B,,,,,,,
# 3 Southern Pine 2x4 4.167,1,4.167,5,0.833,2.778,3.333,0.556,5,Southern Pine,Number 3,Untreated,2,4,$1.04 ,$1.04 ,$1.25 ,$1.25 ,$375.00 ,T-3C,,,,,,,
# 3 Southern Pine 2x4 4.17,1,4.17,5,0.83,2.78,3.333,0.553,5,Southern Pine,Number 3,Untreated,2,4,$1.04 ,$1.04 ,$1.25 ,$1.25 ,$375.00 ,FT-1C,,,,,,,
# 3 Southern Pine 2x4 4.21,1,4.21,5,0.79,2.807,3.333,0.526,5,Southern Pine,Number 3,Untreated,2,4,$1.05 ,$1.05 ,$1.25 ,$1.25 ,$375.00 ,FT-1E,,,,,,,
# 3 Southern Pine 2x4 4.225,1,4.225,5,0.775,2.817,3.333,0.516,5,Southern Pine,Number 3,Untreated,2,4,$1.06 ,$1.06 ,$1.25 ,$1.25 ,$375.00 ,FT-2A,,,,,,,
# 3 Southern Pine 2x4 4.257,1,4.257,5,0.743,2.838,3.333,0.495,5,Southern Pine,Number 3,Untreated,2,4,$1.06 ,$1.06 ,$1.25 ,$1.25 ,$375.00 ,FT-3D,,,,,,,
# 3 Southern Pine 2x4 4.265,4,4.265,5,0.735,11.374,13.333,1.959,20,Southern Pine,Number 3,Untreated,2,4,$1.07 ,$4.27 ,$1.25 ,$5.00 ,$375.00 ,FT-3B | T-3A | FT-6B,,,,,,,
# 3 Southern Pine 2x4 4.281,1,4.281,5,0.719,2.854,3.333,0.479,5,Southern Pine,Number 3,Untreated,2,4,$1.07 ,$1.07 ,$1.25 ,$1.25 ,$375.00 ,FT-3D,,,,,,,
# 3 Southern Pine 2x4 4.371,1,4.371,5,0.629,2.914,3.333,0.419,5,Southern Pine,Number 3,Untreated,2,4,$1.09 ,$1.09 ,$1.25 ,$1.25 ,$375.00 ,T-5E,,,,,,,
# 3 Southern Pine 2x4 4.479,1,4.479,5,0.521,2.986,3.333,0.348,5,Southern Pine,Number 3,Untreated,2,4,$1.12 ,$1.12 ,$1.25 ,$1.25 ,$375.00 ,FT-1E,,,,,,,
# 3 Southern Pine 2x4 4.505,1,4.505,5,0.495,3.004,3.333,0.33,5,Southern Pine,Number 3,Untreated,2,4,$1.13 ,$1.13 ,$1.25 ,$1.25 ,$375.00 ,FT-3C,,,,,,,
# 3 Southern Pine 2x4 4.511,1,4.511,5,0.489,3.008,3.333,0.326,5,Southern Pine,Number 3,Untreated,2,4,$1.13 ,$1.13 ,$1.25 ,$1.25 ,$375.00 ,FT-3D,,,,,,,
# 3 Southern Pine 2x4 4.524,1,4.524,5,0.476,3.016,3.333,0.317,5,Southern Pine,Number 3,Untreated,2,4,$1.13 ,$1.13 ,$1.25 ,$1.25 ,$375.00 ,T-4C,,,,,,,
# 3 Southern Pine 2x4 4.569,2,4.569,5,0.431,6.093,6.667,0.574,10,Southern Pine,Number 3,Untreated,2,4,$1.14 ,$2.28 ,$1.25 ,$2.50 ,$375.00 ,FT-5A,,,,,,,
# 3 Southern Pine 2x4 4.614,1,4.614,5,0.386,3.076,3.333,0.257,5,Southern Pine,Number 3,Untreated,2,4,$1.15 ,$1.15 ,$1.25 ,$1.25 ,$375.00 ,FT-6B,,,,,,,
# 3 Southern Pine 2x4 4.652,4,4.652,5,0.348,12.407,13.333,0.927,20,Southern Pine,Number 3,Untreated,2,4,$1.16 ,$4.65 ,$1.25 ,$5.00 ,$375.00 ,FT-5E | FT-5D | FT-5C | FT-5B,,,,,,,
# 3 Southern Pine 2x4 4.726,14,4.726,5,0.274,44.107,46.667,2.559,70,Southern Pine,Number 3,Untreated,2,4,$1.18 ,$16.54 ,$1.25 ,$17.50 ,$375.00 ,FT-3A | FT-3B | FT-3C | FT-3D | T-3 | T-3A,,,,,,,
# 3 Southern Pine 2x4 4.747,1,4.747,5,0.253,3.165,3.333,0.169,5,Southern Pine,Number 3,Untreated,2,4,$1.19 ,$1.19 ,$1.25 ,$1.25 ,$375.00 ,FT-5B,,,,,,,
# 3 Southern Pine 2x4 4.753,4,4.753,5,0.247,12.674,13.333,0.66,20,Southern Pine,Number 3,Untreated,2,4,$1.19 ,$4.75 ,$1.25 ,$5.00 ,$375.00 ,FT-5E | FT-5D | FT-5C | FT-5B,,,,,,,
# 3 Southern Pine 2x4 4.758,1,4.758,5,0.242,3.172,3.333,0.161,5,Southern Pine,Number 3,Untreated,2,4,$1.19 ,$1.19 ,$1.25 ,$1.25 ,$375.00 ,T-5C,,,,,,,
# 3 Southern Pine 2x4 4.773,1,4.773,5,0.227,3.182,3.333,0.152,5,Southern Pine,Number 3,Untreated,2,4,$1.19 ,$1.19 ,$1.25 ,$1.25 ,$375.00 ,T-4B,,,,,,,
# 3 Southern Pine 2x4 4.82,1,4.82,5,0.18,3.213,3.333,0.12,5,Southern Pine,Number 3,Untreated,2,4,$1.21 ,$1.21 ,$1.25 ,$1.25 ,$375.00 ,T-4B,,,,,,,
# 3 Southern Pine 2x4 4.826,8,4.826,5,0.174,25.741,26.667,0.926,40,Southern Pine,Number 3,Untreated,2,4,$1.21 ,$9.65 ,$1.25 ,$10.00 ,$375.00 ,T-3,,,,,,,
# 3 Southern Pine 2x4 4.869,1,4.869,5,0.131,3.246,3.333,0.087,5,Southern Pine,Number 3,Untreated,2,4,$1.22 ,$1.22 ,$1.25 ,$1.25 ,$375.00 ,T-3C,,,,,,,
# 3 Southern Pine 2x4 4.929,1,4.929,5,0.071,3.286,3.333,0.047,5,Southern Pine,Number 3,Untreated,2,4,$1.23 ,$1.23 ,$1.25 ,$1.25 ,$375.00 ,FT-3D,,,,,,,
# 3 Southern Pine 2x4 4.935,1,4.935,5,0.065,3.29,3.333,0.043,5,Southern Pine,Number 3,Untreated,2,4,$1.23 ,$1.23 ,$1.25 ,$1.25 ,$375.00 ,FT-3C,,,,,,,
# 3 Southern Pine 2x4 5.035,2,5.035,6,0.965,6.713,8,1.287,12,Southern Pine,Number 3,Untreated,2,4,$1.26 ,$2.52 ,$1.50 ,$3.00 ,$375.00 ,T-5A,,,,,,,
# 3 Southern Pine 2x4 5.038,3,5.038,6,0.962,10.076,12,1.924,18,Southern Pine,Number 3,Untreated,2,4,$1.26 ,$3.78 ,$1.50 ,$4.50 ,$375.00 ,T-4,,,,,,,
# 3 Southern Pine 2x4 5.039,1,5.039,6,0.961,3.359,4,0.641,6,Southern Pine,Number 3,Untreated,2,4,$1.26 ,$1.26 ,$1.50 ,$1.50 ,$375.00 ,FT-1E,,,,,,,
# 3 Southern Pine 2x4 5.064,1,5.064,6,0.936,3.376,4,0.624,6,Southern Pine,Number 3,Untreated,2,4,$1.27 ,$1.27 ,$1.50 ,$1.50 ,$375.00 ,KJ-2,,,,,,,
# 3 Southern Pine 2x4 5.067,5,5.067,6,0.933,16.891,20,3.109,30,Southern Pine,Number 3,Untreated,2,4,$1.27 ,$6.33 ,$1.50 ,$7.50 ,$375.00 ,T-5D | T-5C | T-5B | T-5,,,,,,,
# 3 Southern Pine 2x4 5.186,8,5.186,6,0.814,27.66,32,4.34,48,Southern Pine,Number 3,Untreated,2,4,$1.30 ,$10.37 ,$1.50 ,$12.00 ,$375.00 ,T-3B,,,,,,,
# 3 Southern Pine 2x4 5.277,1,5.277,6,0.723,3.518,4,0.482,6,Southern Pine,Number 3,Untreated,2,4,$1.32 ,$1.32 ,$1.50 ,$1.50 ,$375.00 ,FT-5C,,,,,,,
# 3 Southern Pine 2x4 5.311,1,5.311,6,0.689,3.541,4,0.459,6,Southern Pine,Number 3,Untreated,2,4,$1.33 ,$1.33 ,$1.50 ,$1.50 ,$375.00 ,T-5C,,,,,,,
# 3 Southern Pine 2x4 5.357,1,5.357,6,0.643,3.571,4,0.429,6,Southern Pine,Number 3,Untreated,2,4,$1.34 ,$1.34 ,$1.50 ,$1.50 ,$375.00 ,T-3C,,,,,,,
# 3 Southern Pine 2x4 5.382,1,5.382,6,0.618,3.588,4,0.412,6,Southern Pine,Number 3,Untreated,2,4,$1.35 ,$1.35 ,$1.50 ,$1.50 ,$375.00 ,FT-5B,,,,,,,
# 3 Southern Pine 2x4 5.462,1,5.462,6,0.538,3.641,4,0.359,6,Southern Pine,Number 3,Untreated,2,4,$1.37 ,$1.37 ,$1.50 ,$1.50 ,$375.00 ,FT-6A,,,,,,,
# 3 Southern Pine 2x4 5.48,1,5.48,6,0.52,3.653,4,0.347,6,Southern Pine,Number 3,Untreated,2,4,$1.37 ,$1.37 ,$1.50 ,$1.50 ,$375.00 ,FT-6C,,,,,,,
# 3 Southern Pine 2x4 5.493,2,5.493,6,0.507,7.324,8,0.676,12,Southern Pine,Number 3,Untreated,2,4,$1.37 ,$2.75 ,$1.50 ,$3.00 ,$375.00 ,T-3A,,,,,,,
# 3 Southern Pine 2x4 5.695,9,5.695,6,0.305,34.169,36,1.831,54,Southern Pine,Number 3,Untreated,2,4,$1.42 ,$12.81 ,$1.50 ,$13.50 ,$375.00 ,T-3B | T-3C,,,,,,,
# 3 Southern Pine 2x4 5.737,1,5.737,6,0.263,3.825,4,0.175,6,Southern Pine,Number 3,Untreated,2,4,$1.43 ,$1.43 ,$1.50 ,$1.50 ,$375.00 ,FT-3D,,,,,,,
# 3 Southern Pine 2x4 5.769,1,5.769,6,0.231,3.846,4,0.154,6,Southern Pine,Number 3,Untreated,2,4,$1.44 ,$1.44 ,$1.50 ,$1.50 ,$375.00 ,T-4A,,,,,,,
# 3 Southern Pine 2x4 5.811,1,5.811,6,0.189,3.874,4,0.126,6,Southern Pine,Number 3,Untreated,2,4,$1.45 ,$1.45 ,$1.50 ,$1.50 ,$375.00 ,FT-3B,,,,,,,
# 3 Southern Pine 2x4 5.878,1,5.878,6,0.122,3.919,4,0.081,6,Southern Pine,Number 3,Untreated,2,4,$1.47 ,$1.47 ,$1.50 ,$1.50 ,$375.00 ,FT-5D,,,,,,,
# 3 Southern Pine 2x4 5.906,2,5.906,6,0.094,7.875,8,0.125,12,Southern Pine,Number 3,Untreated,2,4,$1.48 ,$2.95 ,$1.50 ,$3.00 ,$375.00 ,FT-5A,,,,,,,
# 3 Southern Pine 2x4 6.018,2,6.018,7,0.982,8.024,9.333,1.309,14,Southern Pine,Number 3,Untreated,2,4,$1.50 ,$3.01 ,$1.75 ,$3.50 ,$375.00 ,T-5E,,,,,,,
# 3 Southern Pine 2x4 6.028,8,6.028,7,0.972,32.151,37.333,5.182,56,Southern Pine,Number 3,Untreated,2,4,$1.51 ,$12.06 ,$1.75 ,$14.00 ,$375.00 ,T-3,,,,,,,
# 3 Southern Pine 2x4 6.047,1,6.047,7,0.953,4.031,4.667,0.635,7,Southern Pine,Number 3,Untreated,2,4,$1.51 ,$1.51 ,$1.75 ,$1.75 ,$375.00 ,FT-5A,,,,,,,
# 3 Southern Pine 2x4 6.061,3,6.061,7,0.939,12.122,14,1.878,21,Southern Pine,Number 3,Untreated,2,4,$1.52 ,$4.55 ,$1.75 ,$5.25 ,$375.00 ,FT-5E | FT-5D | FT-5C,,,,,,,
# 3 Southern Pine 2x4 6.213,1,6.213,7,0.787,4.142,4.667,0.525,7,Southern Pine,Number 3,Untreated,2,4,$1.55 ,$1.55 ,$1.75 ,$1.75 ,$375.00 ,FT-2A,,,,,,,
# 3 Southern Pine 2x4 6.215,1,6.215,7,0.785,4.143,4.667,0.523,7,Southern Pine,Number 3,Untreated,2,4,$1.55 ,$1.55 ,$1.75 ,$1.75 ,$375.00 ,FT-5C,,,,,,,
# 3 Southern Pine 2x4 6.242,2,6.242,7,0.758,8.323,9.333,1.011,14,Southern Pine,Number 3,Untreated,2,4,$1.56 ,$3.12 ,$1.75 ,$3.50 ,$375.00 ,T-3A,,,,,,,
# 3 Southern Pine 2x4 6.254,9,6.254,7,0.746,37.522,42,4.478,63,Southern Pine,Number 3,Untreated,2,4,$1.56 ,$14.07 ,$1.75 ,$15.75 ,$375.00 ,T-3B | T-3C,,,,,,,
# 3 Southern Pine 2x4 6.264,1,6.264,7,0.736,4.176,4.667,0.491,7,Southern Pine,Number 3,Untreated,2,4,$1.57 ,$1.57 ,$1.75 ,$1.75 ,$375.00 ,HG-2,,,,,,,
# 3 Southern Pine 2x4 6.267,2,6.267,7,0.733,8.356,9.333,0.977,14,Southern Pine,Number 3,Untreated,2,4,$1.57 ,$3.13 ,$1.75 ,$3.50 ,$375.00 ,HG-2,,,,,,,
# 3 Southern Pine 2x4 6.329,1,6.329,7,0.671,4.22,4.667,0.447,7,Southern Pine,Number 3,Untreated,2,4,$1.58 ,$1.58 ,$1.75 ,$1.75 ,$375.00 ,FT-2A,,,,,,,
# 3 Southern Pine 2x4 6.33,1,6.33,7,0.67,4.22,4.667,0.447,7,Southern Pine,Number 3,Untreated,2,4,$1.58 ,$1.58 ,$1.75 ,$1.75 ,$375.00 ,FT-2A,,,,,,,
# 3 Southern Pine 2x4 6.352,1,6.352,7,0.648,4.235,4.667,0.432,7,Southern Pine,Number 3,Untreated,2,4,$1.59 ,$1.59 ,$1.75 ,$1.75 ,$375.00 ,FT-3B,,,,,,,
# 3 Southern Pine 2x4 6.411,1,6.411,7,0.589,4.274,4.667,0.392,7,Southern Pine,Number 3,Untreated,2,4,$1.60 ,$1.60 ,$1.75 ,$1.75 ,$375.00 ,T-5B,,,,,,,
# 3 Southern Pine 2x4 6.435,1,6.435,7,0.565,4.29,4.667,0.376,7,Southern Pine,Number 3,Untreated,2,4,$1.61 ,$1.61 ,$1.75 ,$1.75 ,$375.00 ,FT-5E,,,,,,,
# 3 Southern Pine 2x4 6.436,4,6.436,7,0.564,17.164,18.667,1.503,28,Southern Pine,Number 3,Untreated,2,4,$1.61 ,$6.44 ,$1.75 ,$7.00 ,$375.00 ,T-4 | T-4C,,,,,,,
# 3 Southern Pine 2x4 6.499,8,6.499,7,0.501,34.661,37.333,2.672,56,Southern Pine,Number 3,Untreated,2,4,$1.62 ,$13.00 ,$1.75 ,$14.00 ,$375.00 ,T-3B,,,,,,,
# 3 Southern Pine 2x4 6.599,1,6.599,7,0.401,4.399,4.667,0.267,7,Southern Pine,Number 3,Untreated,2,4,$1.65 ,$1.65 ,$1.75 ,$1.75 ,$375.00 ,T-3C,,,,,,,
# 3 Southern Pine 2x4 6.962,8,6.962,7,0.038,37.129,37.333,0.205,56,Southern Pine,Number 3,Untreated,2,4,$1.74 ,$13.92 ,$1.75 ,$14.00 ,$375.00 ,T-3B,,,,,,,
# 3 Southern Pine 2x4 7.048,1,7.048,8,0.952,4.699,5.333,0.635,8,Southern Pine,Number 3,Untreated,2,4,$1.76 ,$1.76 ,$2.00 ,$2.00 ,$375.00 ,FT-5D,,,,,,,
# 3 Southern Pine 2x4 7.273,1,7.273,8,0.727,4.849,5.333,0.484,8,Southern Pine,Number 3,Untreated,2,4,$1.82 ,$1.82 ,$2.00 ,$2.00 ,$375.00 ,FT-3A,,,,,,,
# 3 Southern Pine 2x4 7.478,1,7.478,8,0.522,4.985,5.333,0.348,8,Southern Pine,Number 3,Untreated,2,4,$1.87 ,$1.87 ,$2.00 ,$2.00 ,$375.00 ,T-5D,,,,,,,
# 3 Southern Pine 2x4 7.873,1,7.873,8,0.127,5.249,5.333,0.085,8,Southern Pine,Number 3,Untreated,2,4,$1.97 ,$1.97 ,$2.00 ,$2.00 ,$375.00 ,FT-3A,,,,,,,
# 3 Southern Pine 2x4 7.885,1,7.885,8,0.115,5.257,5.333,0.076,8,Southern Pine,Number 3,Untreated,2,4,$1.97 ,$1.97 ,$2.00 ,$2.00 ,$375.00 ,FT-5E,,,,,,,
# 3 Southern Pine 2x4 8.018,9,8.018,9,0.982,48.107,54,5.893,81,Southern Pine,Number 3,Untreated,2,4,$2.11 ,$19.00 ,$2.37 ,$21.33 ,$395.00 ,T-3B | T-3C,,,,,,,
# 3 Southern Pine 2x6 0.375,8,0.375,1,0.625,3,8,5,8,Southern Pine,Number 3,Untreated,2,6,$0.14 ,$1.10 ,$0.36 ,$2.92 ,$365.00 ,CJ-1A | HG-1,,,,,,,
# 3 Southern Pine 2x6 3.74,1,3.74,4,0.26,3.74,4,0.26,4,Southern Pine,Number 3,Untreated,2,6,$1.36 ,$1.36 ,$1.46 ,$1.46 ,$365.00 ,HG-2,,,,,,,
# 3 Southern Pine 2x6 4.74,1,4.74,5,0.26,4.74,5,0.26,5,Southern Pine,Number 3,Untreated,2,6,$1.73 ,$1.73 ,$1.82 ,$1.82 ,$365.00 ,FT-2A,,,,,,,
# 3 Southern Pine 2x6 6.894,8,6.894,7,0.106,55.152,56,0.848,56,Southern Pine,Number 3,Untreated,2,6,$2.52 ,$20.13 ,$2.55 ,$20.44 ,$365.00 ,T-3,,,,,,,
# 3 Southern Pine 2x6 7.118,2,7.118,8,0.882,14.236,16,1.764,16,Southern Pine,Number 3,Untreated,2,6,$2.42 ,$4.84 ,$2.72 ,$5.44 ,$340.00 ,T-3A,,,,,,,
MSR 2400f 2 0E Southern Pine 2x6 19.421,9,19.421,20,0.579,174.788,180,5.212,180,Southern Pine,MSR 2400f 2 0E,Untreated,2,6,$10.88 ,$97.88 ,$11.20 ,$100.80 ,$560.00 ,FT-3D | T-3,,,,,,,
Total,1037,,,,4235.06,4709,473.94,,1 species,,,,,,"$1,995.09 ",,"$2,208.04 ",,,,,,,,,
,,,,,,,,,,,,,,,,,,,,,,,,,,
Connectors,,,,,,,,,,,,,,,,,,,,,,,,,,
Name,Quantity,Price per Connector,Price for Quantity,Components Used In,,,,,,,,,,,,,,,,,,,,,,
Total,0,,$0.00 ,,,,,,,,,,,,,,,,,,,,,,,
,,,,,,,,,,,,,,,,,,,,,,,,,,
Total (Plate + LumberStock + Connectors),"$3,612.85 ",,,,,,,,,,,,,,,,,,,,,,,,,
